"预测日期","目标日期","排名","代码","名称","市场","预测类型","预测逻辑","触发条件","失效条件","收盘价","涨跌幅","是否触发","是否失效","复盘结果","复盘备注"
"2026-07-08","2026-07-09","1","688981","中芯国际","A股/科创板","稳健观察","半导体晶圆代工龙头，主线回到科技硬件，观察回踩承接后的尾盘确认。","回踩149.5-150.2不破，重新站回153.6；高开超过3%不追，必须等回踩后14:30仍站回153.6。","跌破146.0降级，放量跌破141.0视为失效；冲高后收盘跌回149.5下方按未命中处理。","173.00","13.74%","是","否","命中","收盘173.00，+13.74%；低点152.10未破承接/失效位，收盘大幅站上153.6，半导体主线强化。 数据：腾讯行情快照，开153.68/高174.51/低152.10/收173.00。"
"2026-07-08","2026-07-09","2","603019","中科曙光","A股/沪市","稳健观察","算力服务器链核心权重，观察回踩承接和服务器链扩散。","回踩96.7-97.8不破，重新站回99.1；若早盘直接拉到101上方不追，只看尾盘是否仍站回99.1。","跌破94.8降级，放量跌破90.8视为失效；板块只个股独涨、服务器链不扩散则不升级强信号。","103.99","5.95%","是","否","命中","收盘103.99，+5.95%；盘中低点96.18略低于承接区下沿但未触发94.8降级，收盘站回99.1且算力链跟随。 数据：腾讯行情快照，开98.17/高104.70/低96.18/收103.99。"
"2026-07-08","2026-07-09","3","002371","北方华创","A股/深市","稳健观察","半导体设备核心票，观察设备板块是否跟随晶圆/材料扩散。","回踩790-814不破，重新站回814；高开超过3%等回踩800附近不破后再看尾盘确认。","跌破780降级，放量跌破754视为失效；设备板块弱于半导体指数则只记观察。","878.43","9.49%","是","否","命中","收盘878.43，+9.49%；低点815.00守住触发位，收盘接近涨停，设备链确认扩散。 数据：腾讯行情快照，开817.42/高880.98/低815.00/收878.43。"
"2026-07-08","2026-07-09","4","600276","恒瑞医药","A股/沪市","稳健观察","非科技主线中的稳健对冲方向，观察医药能否保持承接。","回踩53.1-54.2不破，重新站回54.8；医药板块弱于指数且不能站回54.8则不触发。","跌破52.5降级，放量跌破50.2视为失效；冲高55.5上方但收盘跌回54.2下方最多部分命中。","55.61","2.96%","是","否","命中","收盘55.61，+2.96%；低点52.85略破承接区但未破52.5降级，收盘站回54.8，作为非科技稳健票兑现。 数据：腾讯行情快照，开53.20/高55.77/低52.85/收55.61。"
"2026-07-08","2026-07-09","5","002185","华天科技","A股/深市","条件观察-先进封装","先进封装弹性分支，需尾盘确认后才升级。","回踩21.25-21.45不破，14:30后站回21.8；盘中上冲但收盘低于21.45不升级。","跌破20.8降级，放量跌破19.7视为失效；先进封装没有板块扩散则不做执行样本。","23.73","10.01%","是","否","命中","收盘23.73，+10.01%；低点21.41处于承接区，尾盘封涨停，先进封装条件观察兑现。 数据：腾讯行情快照，开21.75/高23.73/低21.41/收23.73。"
"2026-07-08","2026-07-09","6","688019","安集科技","A股/科创板","条件观察-半导体材料","半导体材料分支，观察回踩材料链承接。","回踩305-311不破，尾盘重新站回319；高开超过3%或直接冲325上方不追。","跌破300降级，放量跌破267视为深失效；冲高后收盘低于311按条件观察未兑现。","343.90","8.80%","是","否","命中","收盘343.90，+8.80%；虽开盘略超3%，但盘中回踩309.00落入承接区后大幅站回319，条件兑现。 数据：腾讯行情快照，开326.03/高346.50/低309.00/收343.90。"
"2026-07-08","2026-07-09","7","688012","中微公司","A股/科创板","条件观察-半导体设备","半导体设备龙头之一，观察是否强于中芯/华虹一线芯片。","回踩417-423不破，14:30后站回427；只盘中上冲427、收盘未站回则不升级。","跌破410降级，放量跌破379视为失效；设备弱于一线芯片则降低权重。","471.59","11.49%","是","否","命中","收盘471.59，+11.49%；全天强于427触发位且未破410降级，设备龙头强确认。 数据：腾讯行情快照，开433.99/高474.50/低430.00/收471.59。"
"2026-07-08","2026-07-09","8","688795","摩尔线程-U","A股/科创板","条件观察-AI芯片","AI芯片高弹性方向，只接受回踩承接确认。","回踩656-672不破，尾盘站回673；只因AI情绪高开但跌回656下方不买。","跌破645降级，放量跌破626视为失效；AI芯片只有高标独涨则不升级。","759.00","13.96%","是","否","命中","收盘759.00，+13.96%；低点666.66回踩承接区后站回673，AI芯片条件兑现。 数据：腾讯行情快照，开677.72/高769.50/低666.66/收759.00。"
"2026-07-08","2026-07-09","9","688802","沐曦股份-U","A股/科创板","条件观察-AI芯片","AI芯片新高弹性样本，防止高开不回踩追涨。","回踩811-828不破，尾盘重新站回848；高开超过3%且不回踩不追。","跌破800降级，放量跌破748视为失效；收盘低于828按条件观察未兑现。","981.88","16.88%","否","否","部分命中","收盘981.88，+16.88%；方向极强，但高开超过3%且低点855未回踩811-828买点区，按高开不追规则只记部分命中。 数据：腾讯行情快照，开888.00/高1008.00/低855.00/收981.88。"
"2026-07-08","2026-07-09","10","002409","雅克科技","A股/深市","条件观察-半导体材料","材料分支高弹性票，需确认材料分支强度。","回踩190-195区域不破，尾盘站回195；早盘冲高后跌回190下方不升级。","跌破185降级，放量跌破172视为失效；材料分支弱于设备/制造则不做优先票。","209.00","10.00%","是","否","命中","收盘209.00，+10.00%；低点194.97回踩承接区并尾盘封涨停，半导体材料条件兑现。 数据：腾讯行情快照，开196.52/高209.00/低194.97/收209.00。"
"2026-07-08","2026-07-09","11","300604","长川科技","A股/创业板","非规则观察-半导体弹性","非规则弹性样本，记录半导体高弹性扩散质量。","回踩312-317不破后重新站回320；直接高开冲高或站上320后收盘跌回317下方不追。","跌破305降级，放量跌破282视为失效；冲高回落长上影扩大按非规则观察失败。","374.00","17.90%","是","否","命中","收盘374.00，+17.90%；虽低点310.49略破承接区下沿，但未破305降级且收盘强势，非规则弹性样本方向兑现。 数据：腾讯行情快照，开325.00/高375.18/低310.49/收374.00。"
"2026-07-08","2026-07-09","12","300502","新易盛","A股/创业板","非规则观察-CPO修复","CPO修复方向样本，观察是否跟随AI硬件扩散。","回踩505-513不破后重新站回516；CPO板块没有扩散或高开后跌回505下方不触发。","跌破500降级，放量跌破480视为失效；收盘不能站回516最多部分命中。","545.50","6.78%","是","否","命中","收盘545.50，+6.78%；低点509.96落入505-513承接区，收盘站回516，CPO修复兑现。 数据：腾讯行情快照，开526.00/高549.94/低509.96/收545.50。"
"2026/6/14","2026/6/15","1","002050","三花智控","A股","核心承接","机器人/热管理主线，观察回踩不破后转强","回踩不破并重新站稳短线均线","跌破短线支撑并放量转弱","45.75","2.10%","是","否","命中","根据复盘报告重建。趋势维持强势，符合第一梯队观察预期。"
"2026/6/14","2026/6/15","2","300316","晶盛机电","A股","核心承接","高端制造/半导体设备方向，观察强势结构能否延续","维持强趋势结构并转强","高位震荡后跌破短线平台","52.15","10.77%","是","否","命中","根据复盘报告重建。明显转强，超预期命中。"
"2026/6/14","2026/6/15","3","002149","西部材料","A股","弹性进攻","材料方向轮动映射，观察是否放量站稳平台","放量站稳并形成平台确认","冲高回落且未站稳平台","59.80","0.00%","是","否","部分命中","根据复盘报告重建。方向有表现但平台确认不足。"
"2026/6/14","2026/6/15","4","0981.HK","中芯国际","港股","核心承接","港股半导体主线，观察是否继续站稳短线平台","站稳短线平台且强于同类","跌破短线平台下方","76.65","6.98%","是","否","命中","根据复盘报告重建。港股半导体主线兑现，第一梯队命中。"
"2026/6/14","2026/6/15","5","1810.HK","小米集团-W","港股","稳健观察","AI终端/智能硬件方向，观察是否走强","继续放量且强于恒指","冲高回落且弱于港股科技","26.26","0.23%","否","否","未命中","根据复盘报告重建。未体现主线强度，降为观察。"
"2026/6/14","2026/6/15","6","002709","天赐材料","A股","轮动备选","新能源材料轮动备选，观察是否出现资金回流","放量修复并转强","继续弱于市场且未修复关键位","49.02","-1.25%","否","否","未命中","根据复盘报告重建。新能源轮动未出现，暂不进执行前排。"
"2026/6/14","2026/6/15","7","603662","柯力传感","A股","稳健观察","机器人传感器方向，观察能否稳定承接","放量承接且强于机器人链","冲高回落或弱于机器人链","66.60","3.51%","是","否","命中","根据复盘报告重建。承接有效，适合作为跟踪样本。"
"2026/6/14","2026/6/15","8","000547","航天发展","A股","题材进攻","军工/商业航天题材，观察情绪延续","情绪延续且板块配合","不能转强或跌回关键位","19.92","-3.54%","否","是","未命中","根据复盘报告重建。题材冲高风险兑现，未形成有效进攻。"
"2026/6/14","2026/6/15","9","9880.HK","优必选","港股","弹性观察","机器人高弹性方向，观察是否继续发酵","高弹性方向发酵且强于恒指","冲高回落或跌破短线支撑","113.50","6.27%","是","否","命中","根据复盘报告重建。高弹性兑现，命中。"
"2026/6/14","2026/6/15","10","9660.HK","地平线机器人-W","港股","弹性观察","AI/机器人高弹性观察，验证是否跟随主线","强于恒指并出现短线承接","跌破短线支撑","4.65","-1.06%","否","否","未命中","根据复盘报告重建。没有体现AI/机器人弹性，暂不纳入执行。"
"2026/6/14","2026/6/15","11","2432.HK","越疆","港股","弹性观察","机器人高弹性观察，验证是否有短线共振","强于恒指并有承接","冲高回落或弱于机器人链","28.34","1.65%","是","否","部分命中","根据复盘报告重建。小幅修复但强度一般。"
"2026/6/15","2026/6/16","1","300316","晶盛机电","A股","核心承接","强势上涨后看次日承接，避免追高","回踩不破并维持强势平台","高开回落且跌破短线承接位","51.69","-0.88%","是","否","部分命中","收盘51.69，较前日-0.88%，未转成收盘上涨，但仍守在强势平台附近，承接有但强度不足。"
"2026/6/15","2026/6/16","2","0981.HK","中芯国际","港股","核心承接","半导体主线兑现后观察76-77港元附近能否站稳","站稳76-77港元且强于同类","跌回76港元下方","74.00","-3.46%","否","是","未命中","收盘74.00，较前日-3.46%，跌回76港元下方，核心承接判断失效。"
"2026/6/15","2026/6/16","3","002050","三花智控","A股","稳健观察","稳健趋势票，等待回踩承接","回踩44.7-45.0不破并转强","跌破44.7且放量转弱","45.12","-1.38%","是","否","部分命中","收盘45.12，较前日-1.38%，低点44.90接近预设回踩区，未有效转强但未失效。"
"2026/6/15","2026/6/16","4","002837","英维克","A股","弹性进攻","液冷方向转强，观察能否站稳70并继续上攻","站稳70并挑战71.9-72","跌破68.5","73.19","3.77%","是","否","命中","收盘73.19，较前日+3.77%，站稳70并突破目标区，弹性进攻命中。"
"2026/6/15","2026/6/16","5","600105","永鼎股份","A股","稳健观察","光通信趋势强，观察52-53区间承接","维持52-53上方且量能不萎缩","跌破51","58.88","10.00%","是","否","命中","收盘58.88，较前日+10.00%，全天维持52-53上方并显著走强。"
"2026/6/15","2026/6/16","6","600176","中国巨石","A股","弹性进攻","涨停后观察次日承接，不追高","开盘不差且44-45一带强承接","高开冲高回落或跌破43","49.64","8.46%","是","否","部分命中","收盘49.64，较前日+8.46%，方向正确但未给44-45理想承接点，属于高开超预期。"
"2026/6/15","2026/6/16","7","600522","中天科技","A股","稳健观察","光通信强趋势延续观察","继续强于市场并维持短线强势","跌破短线平台","54.15","5.45%","是","否","命中","收盘54.15，较前日+5.45%，延续强趋势，稳健观察命中。"
"2026/6/15","2026/6/16","8","06613.HK","蓝思科技H","港股","弹性进攻","港股AI硬件强势后看次日承接","继续放量且强于恒指并不冲高回落","明显跌回前日突破位","27.82","5.62%","是","否","命中","收盘27.82，较前日+5.62%，延续放量强势且收盘接近高位。"
"2026/6/16","2026/6/17","1","002709","天赐材料","A股","非规则票","锂电材料低位强修复，观察是否站稳短线均线","站稳51.5-52.0并继续放量","跌破50.9或跌回51.5","52.85","1.09%","是","否","命中","非原交易规则票。收盘52.85，较前日+1.09%，守住51.5-52.0并继续维持修复结构。"
"2026/6/16","2026/6/17","2","002837","英维克","A股","非规则票","液冷/算力方向继续强，观察能否站稳20日线","站稳72-73并强于指数","跌破70或跌回72","74.62","1.95%","是","否","命中","非原交易规则票。收盘74.62，较前日+1.95%，站稳72-73，趋势延续。"
"2026/6/16","2026/6/17","3","06613.HK","蓝思科技H","港股","非规则票","港股AI硬件延续强势，核心短线继续上攻","站稳27.5并强于恒指","跌破26.8或冲高回落","28.28","7.37%","是","否","命中","非原交易规则票。收盘28.28，较前日+7.37%，强于恒指并站稳27.5。"
"2026/6/16","2026/6/17","4","600114","东睦股份","A股","非规则票","高端制造/粉末冶金趋势延续，观察平台突破","站稳42并突破43","跌破41.8且放量回落","43.24","2.10%","是","否","命中","非原交易规则票。收盘43.24，较前日+2.10%，站稳42并突破43，趋势仍在。"
"2026/6/16","2026/6/17","5","300058","蓝色光标","A股","非规则票","AI传媒低位补涨，观察能否放量修复","放量站稳15.3-15.5","跌破14.8且量能继续走弱","14.95","-0.86%","否","是","未命中","非原交易规则票。收盘14.95，较前日-0.86%，未站上15.3-15.5，补涨修复未兑现。"
"2026/6/16","2026/6/17","6","600176","中国巨石","A股","非规则高风险观察","材料方向连续上涨，观察强势后承接但不追高","站稳48且维持高位承接","跌破47或高开冲高回落","54.60","9.99%","是","否","命中","非原交易规则票。收盘54.60，较前日+9.99%，强者恒强兑现，但已明显加速。"
"2026/6/17","2026/6/18","1","002837","英维克","A股","核心承接","光通信/算力液冷延续强势，观察回踩承接后能否再上攻","守住72-73，并重新向75.5上方尝试","跌破72且放量走弱","74.37","-0.34%","是","否","部分命中","收盘74.37，较前日-0.34%，盘中上冲75.5上方但收盘回落翻绿，守住72-73承接位，方向对但确认度不够。"
"2026/6/17","2026/6/18","2","600522","中天科技","A股","稳健观察","光通信趋势维持，观察是否继续稳步上攻","守住54附近，并重新挑战56.3","跌破52.6且放量回落","56.55","+2.99%","是","否","命中","收盘56.55，较前日+2.99%，守住54附近并突破56.3，稳健趋势延续。"
"2026/6/17","2026/6/18","3","06613.HK","蓝思科技H","港股","弹性进攻","AI硬件/消费电子强势后观察是否继续放量上冲","站稳27.5-28.0，突破29.1更强","跌回27.0且冲高回落明显","29.96","+5.94%","是","否","命中","收盘29.96港元，较前日+5.94%，站稳27.5-28.0并突破29.1，弹性进攻确认命中。此前误把昨收28.28录成今日收盘，已更正。"
"2026/6/17","2026/6/18","4","002436","兴森科技","A股","弹性进攻","PCB/封装基板方向转强，观察能否延续放量突破","守住46-47，并继续强于半导体链","跌破45且放量回落","52.06","+8.91%","是","否","命中","收盘52.06，较前日+8.91%，守住46-47并显著强于半导体链，弹性延续。"
"2026/6/17","2026/6/18","5","000636","风华高科","A股","稳健观察","被动元件趋势修复，观察是否继续稳住关键区间","守住72-74区间，并继续强于板块","跌破70且放量走弱","74.60","+0.73%","是","否","命中","收盘74.60，较前日+0.73%，守住72-74区间且继续偏强，稳健观察命中。"
"2026/6/17","2026/6/18","6","002156","通富微电","A股","弹性进攻","半导体封测转强，观察是否继续上攻","守住65-67，并继续上攻；突破69更强","跌破63且放量回落","68.27","+1.56%","是","否","命中","收盘68.27，较前日+1.56%，守住65-67并上冲69上方，半导体封测延续。"
"2026/6/17","2026/6/18","7","600114","东睦股份","A股","核心承接","高端制造/机器人链延续，观察平台承接后能否再上攻","守住42.8-43.0并重新上攻；突破45.15更强","跌破42.0且放量转弱","43.85","+1.41%","是","否","命中","收盘43.85，较前日+1.41%，守住42.8-43.0并突破45.15后回落但仍收强，承接有效。"
"2026/6/21","2026/6/22","1","600522","中天科技","A股","稳健观察","光通信强趋势延续，节后优先看高位承接质量","守住56附近并重新放量上攻；突破58更强","跌破54.8且放量转弱","59.63","+5.45%","是","否","命中","2026-06-22收盘59.63，+5.45%；守住56附近并突破58，光通信强趋势延续，稳健观察命中。"
"2026/6/21","2026/6/22","2","06613.HK","蓝思科技H","港股","弹性进攻","AI硬件和人工智能消费政策共振，观察强势后能否继续站稳","守住29.5-30.0且强于恒科；突破31更强","跌回29.0且冲高回落明显","27.52","-8.14%","是","是","未命中","2026-06-22高开至31上方后收27.52，-8.14%；盘中一度触发突破31，但收盘跌回29下方且冲高回落明显，弹性进攻失效。"
"2026/6/21","2026/6/22","3","002156","通富微电","A股","弹性进攻","半导体封测链延续，受AI算力和半导体景气预期支撑","守住67附近并重新挑战69-70","跌破65且放量回落","71.25","+4.37%","是","否","命中","2026-06-22收盘71.25，+4.37%；守住67附近并突破69-70压力区，半导体封测弹性兑现。"
"2026/6/21","2026/6/22","4","600114","东睦股份","A股","核心承接","机器人和高端制造链趋势未坏，观察43附近承接后能否再攻","守住43附近并重新挑战45.15","跌破42.0且放量转弱","42.45","-3.19%","否","是","未命中","2026-06-22收盘42.45，-3.19%；盘中跌破42且放量转弱，未能守住43附近或再攻45.15，核心承接失效。"
"2026/6/21","2026/6/22","5","002837","英维克","A股","核心承接","液冷温控仍在算力主线内，但上一交易日只算部分命中，必须收盘转强确认","守住72-73并收盘站回75.5上方","跌破72且放量走弱","77.30","+3.94%","是","否","命中","2026-06-22收盘77.30，+3.94%；低点守住72-73并收盘站回75.5上方，核心承接确认。"
"2026/6/21","2026/6/22","6","000636","风华高科","A股","稳健观察","被动元件和AI终端链保持趋势，适合作为稳健观察样本","守住74附近并继续强于电子元件板块；突破76更强","跌破72且放量走弱","72.98","-2.17%","否","否","部分命中","2026-06-22收盘72.98，-2.17%；未守住74附近，也未收盘跌破72失效线，趋势转弱但尚未完全破位，只记部分命中。"
"2026/6/21","2026/6/22","7","002436","兴森科技","A股","弹性进攻","PCB和封装基板强势延续，但前一交易日涨幅较大，明天只做承接确认","回踩50-52不破后再转强；或收盘继续强于半导体链","跌破50且放量回落","53.30","+2.38%","是","否","命中","2026-06-22收盘53.30，+2.38%；回踩51.85后收回，未破50-52承接区，且收盘仍强于半导体链，弹性进攻命中。"
"2026/6/21","2026/6/22","8","09880.HK","优必选","港股","非规则票","人工智能消费和机器人政策催化下的港股机器人弹性观察","强于恒科并站稳近期短线平台","高开冲高回落或跌破短线支撑","105.00","-3.05%","否","是","未命中","非规则票。2026-06-22收盘105.00港元，-3.05%；高开后回落，未体现强于恒科的机器人弹性，博弈失败。"
"2026/6/21","2026/6/22","9","688333","铂力特","A股","非规则高风险观察","3D打印和高端制造情绪强，但前期涨幅大，只观察分歧承接","缩量回踩不破前一交易日强势区间并尾盘收回","高开低走或放量长上影","106.00","-1.19%","否","是","未命中","非规则高风险观察。2026-06-22收盘106.00，-1.19%；高开冲112.60后回落，长上影特征明显，高位承接不足。"
"2026/6/21","2026/6/22","10","301269","华大九天","A股","非规则票","EDA和国产软件方向受半导体自主可控情绪映射，观察补涨弹性","放量站上短线均线并强于半导体软件方向","放量跌回短线均线下方","101.71","-2.20%","否","是","未命中","非规则票。2026-06-22收盘101.71，-2.20%；冲高回落并跌回前一交易日收盘下方，EDA补涨弹性未兑现。"
"2026/6/21","2026/6/22","11","600703","三安光电","A股","非规则票","化合物半导体低位修复样本，偏补涨观察而非主规则执行","放量站稳短线平台并强于半导体板块","跌回平台下沿且量能放大","19.29","+9.98%","是","否","命中","非规则票。2026-06-22收盘19.29，+9.98%；放量涨停并强于半导体板块，化合物半导体修复兑现。"
"2026/6/21","2026/6/22","12","002475","立讯精密","A股","非规则票","AI终端和人工智能消费政策映射的大票观察，弹性弱但确定性相对高","站回短线均线并强于消费电子板块","冲高回落且未站回均线","68.40","-2.19%","否","是","未命中","非规则票。2026-06-22收盘68.40，-2.19%；高开冲高后回落，未站回短线均线并弱于消费电子强票。"
"2026/6/22","2026/6/23","1","002837","英维克","A股","核心承接","液冷/算力仍在主线内，6月22日收盘站回75.5上方，明天看承接能否延续","回踩75.5-76.0不破并重新转强；或收盘站稳78上方","跌破75.5降级；跌破72且放量走弱为失效","81.48","+5.41%","是","否","部分命中","2026-06-23收盘81.48，+5.41%；收盘站稳78上方，但开盘85.03高开超3%且收盘低于开盘，按收紧硬规则不能记命中，核心承接降为部分命中。"
"2026/6/22","2026/6/23","2","002156","通富微电","A股","弹性进攻","半导体封测前排，6月22日突破69-70压力区，明天只看回踩承接和收盘站位","回踩69.5-70.0不破并收盘站回71.5；放量突破72.1更强","跌破67.7降级；跌破65且放量为失效","68.42","-3.97%","否","否","未命中","2026-06-23收盘68.42，-3.97%；未守住69.5-70承接区，也未收盘站回71.5，盘中跌破67.7降级线但未跌破65失效线，弹性进攻未兑现。"
"2026/6/22","2026/6/23","3","600522","中天科技","A股","稳健观察","光通信强趋势延续，但6月22日涨幅已大，明天只看高位承接质量","回踩58.0-59.0不破；或放量突破61.2","跌破57.5降级；跌破56且放量为失效","61.73","+3.52%","是","否","命中","2026-06-23收盘61.73，+3.52%；低点58.47落在58-59承接区内后收回，并收盘突破61.2，光通信强趋势继续，稳健观察命中。"
"2026/6/22","2026/6/23","4","600105","永鼎股份","A股","稳健观察","光通信补充样本，形态仍在上升趋势内，适合按收紧策略看承接","守住60.8-61.0并重新上攻；突破65.4更强","跌破60.8降级；跌破59.5为失效","62.49","-1.90%","是","否","部分命中","2026-06-23收盘62.49，-1.90%；低点61.53守住60.8-61支撑，盘中上冲66.66但收盘转弱，只有支撑验证、没有收盘转强，稳健观察记部分命中。"
"2026/6/22","2026/6/23","5","002436","兴森科技","A股","弹性进攻","PCB/封装基板仍强，但6月22日有上影，明天必须等回踩确认","回踩51.8-52.0不破并收盘站回54；突破55更强","跌破50且放量回落为失效","48.50","-9.01%","否","是","未命中","2026-06-23收盘48.50，-9.01%；未守住51.8-52承接区，且收盘跌破50失效位，PCB/封装基板弹性承接失败。"
"2026/6/22","2026/6/23","6","600703","三安光电","A股","稳健观察","化合物半导体涨停后承接观察，只看是否继续封强，不追高开","不追高开；若开盘后回踩18.6-19.0不破并继续封强，才算有效","跌回18.6下方或炸板后不能收回，降级观察","19.83","+2.80%","是","否","部分命中","2026-06-23收盘19.83，+2.80%；低点19.03未跌回18.6下方，涨停后仍有承接，但未继续封强，只能记部分命中。"
"2026/6/23","2026/6/24","1","600522","中天科技","A股","稳健观察","光通信强趋势延续，6月23日回踩58-59后收盘突破61.2，是当前观察池里收盘确认最好的样本","回踩60.8-61.2不破并收盘站稳62；或放量突破64.6后收盘不明显回落","跌破60.0降级；跌破58.4且放量为失效","61.91","+0.29%","是","否","部分命中","2026-06-24收盘61.91，+0.29%；盘中低点59.80跌破60.0降级线，尾盘收回但未站稳62，光通信趋势仍在，按部分命中记录。"
"2026/6/23","2026/6/24","2","002837","英维克","A股","核心承接","液冷/算力仍是主线，收盘站稳78上方，但6月23日高开后收低于开盘，明天必须验证真实承接","回踩79.0-80.0不破并重新站回82；或收盘站稳83且不低于开盘价","跌破79.0降级；跌破75.5或放量跌破前支撑为失效","82.86","+1.69%","是","否","部分命中","2026-06-24收盘82.86，+1.69%；盘中低点76.88跌破79-80承接区，午后重新站回82但未收稳83，核心承接方向正确但承接质量不足。"
"2026/6/23","2026/6/24","3","600703","三安光电","A股","稳健观察","化合物半导体涨停后仍有承接，低点未跌回18.6下方，但没有继续封强，适合看二次确认","回踩19.3-19.5不破并收盘站回20；或突破20.52后收盘守在20上方","跌破19.0降级；跌破18.6且不能收回为失效","21.81","+9.98%","是","否","命中","2026-06-24收盘21.81，+9.98%；低点19.30未跌破19.3-19.5承接区，随后突破20.52并涨停，稳健观察命中。"
"2026/6/23","2026/6/24","4","002549","凯美特气","A股","弹性进攻","电子气体方向涨停，和半导体链有共振，但属于涨停后弹性票，收紧模式下只能看回踩或封板质量","不追高开；回踩18.0-18.3不破并收盘站稳18.7；或继续强封且不开板回落","跌破17.8降级；跌破17.1或炸板后不能收回为失效","19.44","+4.12%","是","否","命中","2026-06-24收盘19.44，+4.12%；低点18.50未触及失效区，收盘站稳18.7且位于日内振幅上半区，电子特气弹性进攻命中。"
"2026/6/23","2026/6/24","5","002475","立讯精密","A股","稳健观察","AI终端/消费电子大票出现修复，确定性好于小票，但6月23日上影较明显，必须等重新站回短线强弱位","回踩68.0-68.5不破并收盘站回70；放量突破72更强","跌破67.5降级；跌破66且放量走弱为失效","75.05","+8.20%","是","否","命中","2026-06-24收盘75.05，+8.20%；盘中虽跌破67.5降级线但未跌破66失效线，随后放量突破72并强势收盘，稳健观察命中。"
"2026/6/23","2026/6/24","6","600114","东睦股份","A股","稳健观察","机器人/高端制造链此前核心承接失效后横住，今天小幅收红但强度一般，只能作为修复观察","守住41.7-42.0并收盘站回43.2；突破44.2更强","跌破41.7降级；跌破40.8且放量为失效","42.61","+0.24%","否","否","未命中","2026-06-24收盘42.61，+0.24%；盘中跌破41.7-42.0观察区，收盘未站回43.2，也未突破44.2，修复观察未兑现。"
"2026/6/24","2026/6/25","1","002475","立讯精密","A股","核心承接","AI终端/消费电子大票强修复，6月24日放量突破72并收在高位，是今日最清晰的大票趋势确认","回踩73.0-74.0不破并重新站回75；或放量突破76.3后收盘不明显回落","跌破72降级；跌破70且放量走弱为失效","74.42","-0.84%","否","否","部分命中","2026-06-25收盘74.42，-0.84%；低点73.19守住73-74回踩区，但收盘未重新站回75且翻绿，核心承接只验证支撑，未形成转强确认。"
"2026/6/24","2026/6/25","2","600703","三安光电","A股","核心承接","化合物半导体/LED低位修复连续兑现，6月24日守住承接区后涨停，属于半导体低位修复核心样本","不追高开；回踩21.0-21.3不破并重新封强，或收盘继续站稳21.8附近","跌破21降级；跌破20.5且不能收回为失效","21.67","-0.64%","是","否","部分命中","2026-06-25收盘21.67，-0.64%；高开后回踩21.09守住21.0-21.3，但未重新封强，收盘也未稳在21.8附近，只能记部分命中。"
"2026/6/24","2026/6/25","3","002549","凯美特气","A股","弹性进攻","电子特气方向继续放量，6月24日收盘站稳18.7且在振幅上半区，弹性确认比多数小票更干净","回踩19.0-19.2不破并重新站回19.5；或放量突破20后不炸板回落","跌破18.8降级；跌破18.5且放量为失效","19.81","+1.90%","是","否","命中","2026-06-25收盘19.81，+1.90%；盘中突破20后虽有回落，但收盘站回19.5且位于日内振幅上半区，未跌破18.8/18.5风险线，弹性进攻命中。"
"2026/6/24","2026/6/25","4","002156","通富微电","A股","弹性进攻","半导体封测强修复，6月24日重新站回71.5并接近涨停，修复强度足够，但前一日刚未命中，需降低仓位","回踩72.8-73.5不破并收盘站稳74.5；或放量突破75.3后不明显回落","跌破72降级；跌破70且放量为失效","77.81","+4.25%","是","否","命中","2026-06-25收盘77.81，+4.25%；放量突破75.3后收盘仍处于日内振幅上半区并站稳74.5，半导体封测弹性修复兑现。"
"2026/6/24","2026/6/25","5","002837","英维克","A股","稳健观察","液冷/算力仍在主线，但6月24日盘中跌破承接区后再收回，承接质量不如半导体和消费电子","回踩81.0-82.0不破并重新站回83.6；或收盘站稳84上方","跌破81降级；跌破79且放量走弱为失效","86.99","+4.98%","是","否","命中","2026-06-25收盘86.99，+4.98%；未给81-82回踩，但收盘站稳84上方并维持强趋势，液冷/算力稳健观察命中。"
"2026/6/24","2026/6/25","6","002409","雅克科技","A股","稳健观察","半导体材料方向涨停，和电子特气/先进封装共振，但6月24日已加速，明日只能看涨停后承接","不追高开；回踩166-168不破并重新转强，或继续封强且不开板回落","跌破166降级；跌破160且放量为失效","181.04","+4.62%","否","否","部分命中","2026-06-25收盘181.04，+4.62%；高开183.50且收盘低于开盘，未给166-168合理回踩买点；方向强但执行条件不理想，按规则最多部分命中。"
"2026/6/25","2026/6/26","1","002156","通富微电","A股","核心承接","封测/先进封装为半导体主线弹性核心，6月25日收77.81元、涨4.25%，强度延续但不适合高开追。","最佳买点：回踩76.5-77.2不破，随后重新站回78.0；或放量突破79.4后不快速回落。","跌破76.0先降级；放量跌破74.0视为失效。","71.60","-7.98%","否","是","未命中","2026-06-26收盘71.60，-7.98%；高点77.83未站回78.0且未突破79.4，盘中/收盘跌破76.0降级线并跌破74.0失效线，封测核心承接失败。"
"2026/6/25","2026/6/26","2","002837","英维克","A股","核心承接","液冷/算力基础设施受AI算力建设和数据中心能耗逻辑支撑，6月25日收86.99元、涨4.98%，趋势强但需看承接。","最佳买点：回踩85.0-86.0不破，30分钟内重新站回87.0；或突破89.7后仍维持高位横盘。","跌破84.0降级；放量跌破81.0视为失效。","82.57","-5.08%","否","否","未命中","2026-06-26收盘82.57，-5.08%；盘中最高85.58只触及85-86承接区但未重新站回87.0，低点81.00跌破84.0降级线但未有效跌破81.0失效线，核心承接未兑现。"
"2026/6/25","2026/6/26","3","300476","胜宏科技","A股","稳健观察","PCB/AI服务器链条承接较稳，6月25日收350.16元、涨1.96%，相比CPO极强票更适合看回踩确认。","最佳买点：回踩345-348不破并重新站回351；或放量突破355且收盘仍站在350上方。","跌破342降级；放量跌破337.5视为失效。","319.55","-8.74%","否","是","未命中","2026-06-26收盘319.55，-8.74%；未守住345-348承接区，也未突破355，盘中跌破342降级线并跌破337.5失效线，PCB稳健观察失败。"
"2026/6/25","2026/6/26","4","688120","华海清科","A股","稳健观察","半导体设备方向受自主可控与AI芯片产业链映射，6月25日收252.50元、涨4.13%，适合做设备链稳健样本。","最佳买点：回踩248-250不破并重新站回252.5；或放量突破258后不回落到255下方。","跌破246降级；放量跌破244视为失效。","263.60","+4.40%","是","否","命中","2026-06-26收盘263.60，+4.40%；虽盘中低点246.20一度跌出248-250承接区，但随后突破258且收盘守在255上方，半导体设备稳健观察命中。"
"2026/6/25","2026/6/26","5","002549","凯美特气","A股","弹性进攻","电子特气贴近半导体材料弹性，6月25日收19.81元、涨1.90%，仍有轮动弹性，但必须低吸承接。","最佳买点：回踩19.4-19.6不破并重新站回19.9；或突破20.2后不出现长上影回落。","跌破19.2降级；放量跌破18.8视为失效。","18.99","-4.14%","是","否","未命中","2026-06-26收盘18.99，-4.14%；盘中突破20.2后回落，收盘跌回19.9/19.2下方且长上影明显，未跌破18.8失效线但弹性进攻按收盘确认规则未命中。"
"2026/6/25","2026/6/26","6","300502","新易盛","A股","弹性进攻","CPO为AI算力硬件最强方向之一，6月25日收610.49元、涨9.94%，强度极高但高位波动风险也最高。","最佳买点：只等回踩590-600不破后重新站回610；或突破610.8后尾盘仍能守住600上方。","跌破585降级；放量跌破575视为失效。","566.00","-7.29%","否","是","未命中","2026-06-26收盘566.00，-7.29%；开盘在590-600观察区但未重新站回610，高低点一路走弱并跌破585降级线、575失效线，CPO高位弹性进攻失败。"
"2026/6/28","2026/6/29","1","688120","华海清科","A股","核心承接","周五科技线普跌时逆势收263.60、+4.40%，半导体设备分支独立走强；更严格收紧下只做回踩承接确认。","入场信号：回踩258-260不破，重新站回264；或放量突破266后不跌回263。","跌破255先降级；放量跌破246视为失效。","316.32","+20.00%","是","否","命中","收盘316.32，+20.00%，放量突破266后封至日高，未跌回263，半导体设备核心承接超预期命中。"
"2026/6/28","2026/6/29","2","002371","北方华创","A股","稳健观察","周五收813.37、+1.93%，半导体设备龙头相对抗跌，适合作为设备线稳健确认样本。","入场信号：回踩805-810不破，重新站回814；或放量突破828后仍守住820上方。","跌破795降级；放量跌破782视为失效。","860.19","+5.76%","是","否","命中","收盘860.19，+5.76%，盘中回踩805.88后重新站回814并突破828，稳健观察兑现。"
"2026/6/28","2026/6/29","3","002409","雅克科技","A股","稳健观察","周五收188.60、+4.18%，半导体材料仍有强度，但上影较长，必须低吸确认，不能追高。","入场信号：回踩184-186不破，重新站回190；或突破195.2后尾盘仍守住190上方。","跌破180降级；放量跌破178视为失效。","207.46","+10.00%","是","否","命中","收盘207.46，+10.00%，高开后继续封强，守住190上方并突破195.2，材料链稳健观察命中。"
"2026/6/28","2026/6/29","4","600703","三安光电","A股","稳健观察","周五收21.73、+0.28%，在大盘和创业板下跌时相对抗跌，作为化合物半导体修复观察样本。","入场信号：回踩21.4-21.6不破，重新站回21.9-22.0；或板块强修复时突破23.2后不回落。","跌破21.3降级；放量跌破21.0视为失效。","21.06","-3.08%","否","是","未命中","收盘21.06，-3.08%，盘中跌破21.3降级线且一度低于21.0，未站回21.9-22.0，稳健观察失效。"
"2026/6/28","2026/6/29","5","600760","中航沈飞","A股","非规则博弈-军工防御","弱市中周五逆势收红，军工防御属性较强，作为非规则博弈票观察。","入场信号：回踩39.8-40.1不破，重新站回40.6。","跌破39.5放弃；跌破38.6视为失效。","40.04","-1.36%","否","是","未命中","收盘40.04，-1.36%，未重新站回40.6，盘中跌破39.5放弃线，军工防御博弈未兑现。"
"2026/6/28","2026/6/29","6","603662","柯力传感","A股","非规则博弈-机器人传感器","机器人/传感器题材弹性观察，非规则票，只看盘中修复强度。","入场信号：守住65附近并重新站回66.5；强势则突破68.7。","跌破64.5放弃。","64.70","-0.51%","否","是","未命中","收盘64.70，-0.51%，未站回66.5，盘中跌破64.5放弃线，机器人传感器修复失败。"
"2026/6/28","2026/6/29","7","001696","宗申动力","A股","非规则博弈-低空经济","低空经济/无人机方向弹性票，非规则反抽观察。","入场信号：回踩23.6-23.8不破，重新站回24.2。","跌破23.5放弃。","21.96","-7.65%","否","是","未命中","收盘21.96，-7.65%，跌破23.5放弃线且未站回24.2，低空经济反抽未兑现。"
"2026/6/28","2026/6/29","8","002407","多氟多","A股","非规则博弈-固态电池/氟化工","固态电池/材料方向反抽样本，非规则票，必须先止跌。","入场信号：守住41.3-41.5，重新站回42.5。","跌破41.0放弃。","45.66","+10.00%","是","否","命中","收盘45.66，+10.00%，直接涨停并站上42.5，固态电池/氟化工反抽博弈命中。"
"2026/6/28","2026/6/29","9","002050","三花智控","A股","非规则博弈-机器人/热管理","机器人+热管理老核心，周五偏弱，非规则修复观察。","入场信号：守住41.5，重新站回42.3。","跌破41.0放弃。","41.27","-0.55%","否","是","未命中","收盘41.27，-0.55%，未站回42.3且盘中跌破41.0，机器人/热管理修复未兑现。"
"2026/6/29","2026/6/30","1","002371","北方华创","A股","核心承接","半导体设备主线龙头，6月29日收860.19、+5.76%，强于指数但未涨停，明天适合作为设备线核心承接样本。","入场信号：回踩845-855不破，重新站回862；或放量突破876后不跌回860。","跌破835降级；放量跌破805视为失效。","884.56","+2.83%","是","否","部分命中","收盘884.56，+2.83%；放量突破876且未跌回860，方向正确。但开盘890较昨收高开约3.47%，收盘低于开盘，按高开回落硬规则不能记满分，核心承接记部分命中。"
"2026/6/29","2026/6/30","2","688012","中微公司","A股","核心承接","半导体设备核心扩散，6月29日收456.69、+10.58%，已进入加速段，明天只做回踩承接确认。","入场信号：回踩448-455不破，重新站回457；或突破459后回踩不破452。","跌破445降级；放量跌破419视为失效。","468.50","+2.59%","是","否","命中","收盘468.50，+2.59%；回踩446.10后未跌破445降级线，随后重新站上457并突破459，收盘强于触发位，核心承接命中。"
"2026/6/29","2026/6/30","3","688082","盛美上海","A股","稳健观察","半导体清洗设备方向跟随设备链走强，6月29日收447.95、+8.20%，强度高但未极端封死，适合看分歧承接。","入场信号：回踩438-445不破，重新站回448；或突破450后守住442。","跌破432降级；放量跌破414视为失效。","432.00","-3.56%","是","否","未命中","收盘432.00，-3.56%；盘中虽突破450，但收盘未守住442，且低点425.80跌破432降级线，清洗设备稳健观察未兑现。"
"2026/6/29","2026/6/30","4","688019","安集科技","A股","稳健观察","半导体材料核心，6月29日收304.80、+11.05%，材料链确认较强，但需防次日高开回落。","入场信号：回踩298-303不破，重新站回305；或突破310后不跌回303。","跌破295降级；放量跌破280视为失效。","339.46","+11.37%","是","否","命中","收盘339.46，+11.37%；低点303.02守住298-303触发区附近，随后重新站上305并突破310，收盘接近日高，半导体材料稳健观察命中。"
"2026/6/29","2026/6/30","5","688120","华海清科","A股","非规则博弈-20cm加速龙头","6月29日20cm涨停，设备链最强样本之一，但次日追高风险极大，只作非规则强者承接博弈。","入场信号：只看开板回踩300-308不破并重新站回316；或继续封强且不开板仅观察不追。","跌破300放弃；跌破295视为失效。","322.18","+1.85%","是","否","命中","收盘322.18，+1.85%；开盘高但盘中回踩303.01落在300-308承接区内，随后重新站回316，未跌破300放弃线，非规则强者承接命中。"
"2026/6/29","2026/6/30","6","688037","芯源微","A股","非规则博弈-设备弹性","6月29日收399.64、+12.61%，设备弹性强，但已大幅加速，适合非规则承接博弈。","入场信号：回踩390-395不破，重新站回400；或突破400后尾盘仍守395。","跌破385放弃；放量跌破374视为失效。","439.05","+9.86%","是","否","命中","收盘439.05，+9.86%；盘中低点390.00正好落在390-395承接区，随后重新站回400并强势收盘，设备弹性博弈命中。"
"2026/6/29","2026/6/30","7","300346","南大光电","A股","非规则博弈-光刻胶材料","6月29日收90.00、+15.21%，光刻胶/电子材料弹性最强之一，非规则高波动票。","入场信号：回踩86-88不破，重新站回90；或突破93.7后不跌回90。","跌破85放弃；放量跌破81.3视为失效。","92.65","+2.94%","是","否","部分命中","收盘92.65，+2.94%；方向继续向上且收回90上方，但低点85.50短暂跌破86-88理想承接区，未给最干净的触发，记部分命中。"
"2026/6/29","2026/6/30","8","002407","多氟多","A股","非规则博弈-固态电池/氟化工","6月29日涨停，固态电池/氟化工资金回流，但属于非规则题材博弈，不与半导体主规则混用。","入场信号：只看开板后回踩44.5-45.0不破并重新封强；若一字/高开秒板不追。","跌破44放弃；跌破41.5视为失效。","50.23","+10.01%","是","否","部分命中","收盘50.23，+10.01%；继续涨停验证方向，但高开约9%且未回踩44.5-45.0给可执行买点，按“不追高开秒板”只记部分命中。"
"2026/6/30","2026/7/1","1","688019","安集科技","A股","核心承接","半导体材料/电子化学品核心，6月30日收339.46、+11.37%，低点守住触发区后收在日高附近，是规则票里承接质量最好的样本。","入场信号：回踩330-336不破，重新站回340；或放量突破345后不跌回338。高开超过6%不追，只等盘中回踩确认。","跌破324降级；放量跌破303视为失效。","322.60","-4.97%","是","否","未命中","2026-07-01收盘322.60，-4.97%；盘中最高366.00一度突破345，但收盘跌回338下方，且低点317.21跌破324降级线；未跌破303失效线，核心承接未兑现。"
"2026/6/30","2026/7/1","2","688012","中微公司","A股","核心承接","半导体设备核心，6月30日收468.50、+2.59%，相比高弹性设备票更稳，适合继续看主线承接。","入场信号：回踩459-464不破，重新站回469；或放量突破475后回踩不跌回468。","跌破455降级；放量跌破446视为失效。","462.00","-1.39%","是","否","未命中","2026-07-01收盘462.00，-1.39%；盘中最高500.00触发突破475，但收盘跌回468下方，低点452.96跌破455降级线；未跌破446失效线，核心承接失败。"
"2026/6/30","2026/7/1","3","002371","北方华创","A股","稳健观察","半导体设备大票龙头，6月30日收884.56、+2.83%，方向仍对，但高开后收低于开盘，明天只能按稳健承接看。","入场信号：回踩875-884不破，重新站回890；或放量突破906后守住895上方。","跌破873降级；放量跌破860视为失效。","935.36","+5.74%","是","否","命中","2026-07-01收盘935.36，+5.74%；开盘/低点884.56守住875-884承接区，随后重新站回890并突破906，收盘守住895上方，稳健观察命中。"
"2026/6/30","2026/7/1","4","002409","雅克科技","A股","稳健观察","半导体材料连续走强，6月30日收224.50、+8.21%，仍是材料链强势样本，但涨幅已大，必须等承接。","入场信号：回踩216-220不破，重新站回225；或突破228后不跌回222。","跌破207.5降级；放量跌破200视为失效。","236.09","+5.16%","是","否","命中","2026-07-01收盘236.09，+5.16%；低点218.00落在216-220承接区内，随后重新站回225并突破228，收盘未跌回222，稳健观察命中。"
"2026/6/30","2026/7/1","5","688037","芯源微","A股","非规则博弈-设备弹性","6月30日收439.05、+9.86%，设备弹性强，但波动和高开风险明显，只作非规则强者承接博弈。","入场信号：回踩420-430不破，重新站回440；或突破454后尾盘仍守住440。","跌破410放弃；放量跌破390视为失效。","408.00","-7.07%","是","是","未命中","非规则票。2026-07-01收盘408.00，-7.07%；盘中最高459.88触发突破454，但尾盘未守住440，低点401.00跌破410放弃线，设备弹性博弈失败。"
"2026/6/30","2026/7/1","6","688120","华海清科","A股","非规则博弈-设备强者","20cm涨停后仍能承接，6月30日收322.18、+1.85%，强者属性还在，但不适合作为普通规则票追高。","入场信号：回踩312-318不破，重新站回323；或突破333后不跌回322。","跌破303放弃；放量跌破300视为失效。","330.00","+2.43%","是","否","命中","非规则票。2026-07-01收盘330.00，+2.43%；盘中突破333后收盘未跌回322，强者承接仍有效，非规则博弈命中。"
"2026/6/30","2026/7/1","7","000021","深科技","A股","非规则博弈-存储/先进封装","存储和先进封装映射，6月30日收64.27、+9.19%，成交额大，题材强但已接近加速段。","入场信号：回踩61.5-62.8不破，重新站回64.3；或突破64.8后尾盘仍守住63.5。","跌破60.8放弃；放量跌破57.6视为失效。","62.26","-3.13%","是","是","未命中","非规则票。2026-07-01收盘62.26，-3.13%；盘中最高66.20触发突破64.8，但收盘未守住63.5，低点59.59跌破60.8放弃线，存储/封装博弈失败。"
"2026/6/30","2026/7/1","8","300476","胜宏科技","A股","非规则博弈-PCB/AI服务器","PCB/AI服务器方向随电子主线修复，6月30日收346.43、+9.85%，弹性强但高位波动大。","入场信号：回踩335-342不破，重新站回347；或突破353后不跌回345。","跌破321放弃；放量跌破315视为失效。","326.86","-5.65%","是","否","未命中","非规则票。2026-07-01收盘326.86，-5.65%；盘中最高353.97短暂突破353，但收盘跌回345下方，且未重新站回347；未跌破321放弃线，PCB高位博弈未兑现。"
"2026/7/1","2026/7/2","1","000725","京东方A","A股","稳健观察","面板/光学光电子方向，今日收8.77、+1.04%，相对TCL更稳，处于趋势中段，符合新策略稳健观察优先。","回踩8.55-8.65不破，重新站回8.78；或放量突破8.85后不跌回8.75。","跌破8.45降级；放量跌破8.30视为失效。高开超过3%不追。","9.10","+3.76%","是","是","未命中","2026-07-02收盘9.10，+3.76%；盘中高点9.50突破8.85且收盘未跌回8.75，但低点7.89曾跌破8.30深失效位。按失效优先规则，不能记命中。"
"2026/7/1","2026/7/2","2","600584","长电科技","A股","稳健观察","半导体封测方向，今日收106.64、+2.98%，强于多数半导体高位回落票，封测线承接相对温和。","回踩103.5-105不破，重新站回107；或突破109后守住106.5。","跌破101.5降级；放量跌破99视为失效。若高开超过3%且30分钟内跌回106下方，不买。","95.98","-10.00%","否","是","未命中","2026-07-02收盘95.98跌停，最高101.00未到103.5-105承接区，且跌破101.5降级线和99失效线，封测稳健观察失败。"
"2026/7/1","2026/7/2","3","000100","TCL科技","A股","稳健观察","面板/显示方向今日收6.12、+5.15%，强于京东方，但涨幅更高，按稳健观察只看回踩承接，不追高。","回踩5.95-6.05不破，重新站回6.15；或突破6.25后回踩不破6.10。","跌破5.86降级；放量跌破5.75视为失效。高开超过3%不追。","5.92","-3.27%","是","是","未命中","2026-07-02收盘5.92、-3.27%，盘中高点6.18短暂站上6.15，但低点5.51跌破5.86降级线和5.75失效线，且收盘未守6.10，不能记命中。"
"2026/7/1","2026/7/2","4","002371","北方华创","A股","核心承接","半导体设备大票核心，今日收935.36、+5.74%，承接成功但已接近过热，按新策略只保留1只核心承接，不追高。","回踩920-930不破，重新站回940；或突破958后回踩不跌回940。高开超过3%先观察30分钟。","跌破910降级；放量跌破895视为失效。若盘中冲高但收盘低于930，不算命中。","841.82","-10.00%","否","是","未命中","2026-07-02收盘841.82跌停，最高884.00未到920-930承接区，跌破910降级线和895失效线，核心承接完全失败。"
"2026/7/1","2026/7/2","5","002407","多氟多","A股","非规则博弈-氟化工/PVDF","氟化工/PVDF为今日最强板块之一，多氟多收55.25、+9.99%，题材热度强但连续加速，只作非规则强者承接记录。","只看开板后回踩52.5-54.0不破，并重新站回55；若继续一字或高开秒板，不追。","跌破51.8放弃；放量跌破50视为失效。","54.82","-0.78%","是","否","部分命中","2026-07-02收盘54.82、-0.78%，低点52.48接近52.5-54.0承接区且未跌破51.8放弃线，但收盘未重新站回55，题材承接不够，只记部分命中。"
"2026/7/1","2026/7/2","6","605358","立昂微","A股","非规则观察-第四代半导体","第四代半导体概念今日强，立昂微收79.84、+2.89%，方向有热度但上影线偏长、位置偏高，作为非规则观察。","回踩77-78.5不破，重新站回80.5；或突破83.3后尾盘仍守住80。","跌破76.4放弃；放量跌破73.5视为失效。","71.86","-9.99%","否","是","未命中","2026-07-02收盘71.86跌停，最高75.89未触发80.5，低点跌破76.4放弃线和73.5失效线，第四代半导体观察失败。"
"2026/7/3","2026/7/3","1","600378","昊华科技","A股","稳健观察","六氟化钨/电子特气/氟化工方向，7月2日收82.17、+1.44%，在科创50大跌中仍收红，但日内振幅很大，今天只看分歧后承接。","最佳买点：09:40后回踩78.0-80.2不破，并重新站回82.5；若高开超过3%不追，只等回踩确认。","跌破75.5降级；放量跌破73.8视为失效。卖点：默认下个交易日13:15；若今日冲高86-88不能站稳，先做减仓/止盈。","76.01","-7.50%","是","否","未命中","2026-07-03收盘76.01、-7.50%；盘中最高85.80一度站上82.5触发位，但低点73.95跌破75.5降级线，收盘未守住78.0-80.2承接区；未跌破73.8深失效位，稳健观察未兑现。"
"2026/7/3","2026/7/3","2","002125","湘潭电化","A股","稳健观察","磷酸铁锂/锰材料方向，7月2日收13.59、-2.09%，跌幅小于科技主线，位置相对低，适合作为低位稳健观察。","最佳买点：09:40后回踩13.50-13.70不破，重新站回14.05；或突破14.22后回踩不破13.90。","跌破13.30降级；放量跌破13.05视为失效。卖点：默认下个交易日13:15；若今日冲高14.55-14.80放量滞涨，先止盈。","13.00","-4.34%","否","是","未命中","2026-07-03收盘13.00、-4.34%；最高13.75未能重新站回14.05或突破14.22，低点12.97跌破13.30降级线和13.05失效线，低位稳健观察失败。"
"2026/7/3","2026/7/3","3","300014","亿纬锂能","A股","稳健观察","电池/储能方向，7月2日收61.27、-3.13%，相对科技高位票抗跌，适合只看低吸承接，不做突破追高。","最佳买点：09:40后回踩60.5-61.3不破，重新站回62.5；若直接高开超过3%不追。","跌破59.4降级；放量跌破58.5视为失效。卖点：默认下个交易日13:15；若今日冲高64.5-65.5不能放量站稳，先止盈。","61.16","-0.18%","否","否","部分命中","2026-07-03收盘61.16、-0.18%；低点61.02落在60.5-61.3承接区内且未跌破59.4降级线，但最高62.28未重新站回62.5，守住支撑但没有转强，记部分命中。"
"2026/7/3","2026/7/3","4","002407","多氟多","A股","非规则观察-氟化工/PVDF","氟化工/PVDF仍有题材热度，7月2日收54.82、-0.78%，未跌破51.8放弃线，但收盘未站回55，今天只作非规则强者承接观察。","最佳买点：只看回踩53.0-54.0不破，并重新站回55.2；若高开秒冲或高开超过3%不追。","跌破51.8放弃；放量跌破50视为失效。卖点：默认下个交易日13:15；若今日冲高57.5附近不能突破，先止盈。","49.34","-10.00%","否","是","未命中","非规则票。2026-07-03收盘49.34跌停；最高54.81未重新站回55.2，低点/收盘49.34跌破51.8放弃线和50失效线，氟化工强者承接失败。"
"2026/7/6","2026/7/6","1","002611","东方精工","A股","稳健观察","机器人/高端制造方向，今日盘中随机器人主线走强，现价18.18、涨幅4.48%，但未进入20cm极端加速，量价较三花、埃斯顿更适合按稳健承接观察。","最佳买点：回踩17.75-17.95不破，重新站回18.35；若直接冲高到18.8上方不追，只等回踩确认。","跌破17.35降级；放量跌破17.05视为失效。若冲高19.0附近不能站稳，先按止盈/减仓处理。","17.50","-3.74%","否","否","未命中","V2早盘票。收盘17.50、-3.74%；最高18.07未站回18.35触发位，最低17.49跌破17.75-17.95承接区但未跌破17.35降级/17.05深失效，机器人低位承接未兑现。"
"2026/7/6","2026/7/6","2","300277","汽轮科技","A股","稳健观察","通用设备/高端制造方向，今日盘中现价14.81、涨幅0.75%，10日涨幅约0.89%，位置处于趋势中段，没有明显过热，适合做低波动稳健观察。","最佳买点：回踩14.55-14.75不破，重新站回14.96；若站上15.05后回踩不破14.85，也可观察。","跌破14.35降级；放量跌破13.92视为失效。若全天不能重新站回14.96，只能算守支撑观察，不升级。","14.69","-0.81%","是","否","部分命中","V2早盘票。收盘14.69、-0.81%；低点14.65落在14.55-14.75承接区内，盘中最高15.98站上14.96触发位，但收盘未守住触发位，只能记部分命中。"
"2026/7/6","2026/7/6","3","300433","蓝思科技","A股","稳健观察","消费电子/AI终端方向，今日盘中现价52.42、涨幅3.41%，从降级观察池回到承接观察，较半导体高位票波动更可控。","最佳买点：回踩50.80-51.60不破，重新站回52.90；若高开或冲高后跌回51.60下方，不买。","跌破50.00降级；放量跌破49.19视为失效。若冲高53.8-54.5不能站稳，先做减仓/止盈。","51.31","-1.27%","是","否","未命中","V2早盘票。收盘51.31、-1.27%；最高53.28一度站上52.90，但低点50.08跌破50.80-51.60承接区，收盘未回到52.90，消费电子承接不够。"
"2026/7/6","2026/7/6","4","600839","四川长虹","A股","稳健观察","AI终端/家电方向，7月3日收6.85、跌幅1.44%，10日涨幅约1%，位置相对温和；若机器人和AI硬件盘前情绪延续，可作为低价稳健承接样本。","最佳买点：回踩6.78-6.88不破，重新站回6.92；若高开超过3%不追，只等回踩确认。","跌破6.62降级；放量跌破6.44视为失效。若只守住6.78但不能站回6.92，最多记部分命中。","6.72","-1.90%","是","否","未命中","V2早盘票。收盘6.72、-1.90%；最高6.92触及触发位，但最低6.70跌破6.78-6.88承接区，收盘仍在承接区下方，AI终端低价承接失败。"
"2026/7/6","2026/7/6","5","002916","深南电路","A股","非规则观察-PCB/AI服务器","PCB/AI服务器方向7月3日收454.48、涨幅7.42%，板块强势但日内振幅大且已接近高位，只能作为非规则强者承接观察，不参与主策略放宽。","最佳买点：只看回踩442-448不破，重新站回459；若继续上冲或高位横盘不回踩，不追。","跌破430放弃；放量跌破415.8视为失效。若冲高465附近不能站稳，先以止盈/观察处理。","440.20","-3.14%","否","否","未命中","V2非规则观察。收盘440.20、-3.14%；最高455.98未站回459，最低426.88跌破430放弃线但未跌破415.8深失效，PCB强者承接未兑现。"
"2026/7/7","2026/7/7","1","600276","恒瑞医药","A股","稳健观察","7月6日医药、创新药方向逆势走强，恒瑞医药收56.77、+4.26%，成交额超百亿，属于主线分歧日里少数有承接的大票；适合按稳健观察，不追高。","最佳买点：回踩55.2-56.2不破，重新站回57.4；若高开超过3%不追，只等回踩后尾盘仍能站回57.4。","跌破53.3降级；放量跌破52.0视为失效。若冲高58.5-59.5不能站稳，先按止盈/观察处理。","55.36","-2.48%","否","否","部分命中","V2.1正式规则票。收盘55.36、-2.48%；低点54.88短暂跌破55.2承接下沿但未破53.3降级线，收盘回到55.2-56.2承接区内；最高56.50未站回57.4确认位，守承接但未转强，记部分命中。"
"2026/7/7","2026/7/7","2","688981","中芯国际","A股","稳健观察","隔夜美股半导体/AI硬件修复，费城半导体和AMD、博通明显反弹；中芯国际7月6日收143.99、+2.62%，较高弹性存储票更适合作为半导体映射的稳健承接样本。","最佳买点：回踩139.0-142.5不破，重新站回145.8；若高开超过3%不追，只看回踩后能否重新站回145.8。","跌破135.3降级；放量跌破132.0视为失效。若只因外盘利好高开但收盘跌回142.5下方，不算命中。","145.42","+0.99%","是","否","部分命中","V2.1正式规则票。收盘145.42、+0.99%；低点140.16守住139.0-142.5承接区，盘中最高149.51站上145.8确认位，但收盘略低于145.8，未形成收盘确认，记部分命中。"
"2026/7/7","2026/7/7","3","300059","东方财富","A股","条件观察","两市成交额仍在3万亿元上方，券商/互联网金融有成交活跃度支撑；东方财富7月6日收21.18、+0.57%，位置相对温和，但不是当日最强板块，只作条件观察。","升级条件：回踩20.6-21.0不破，14:30后仍能站回21.45；若只盘中冲高、尾盘跌回21.2下方，不升级。","跌破19.9降级；放量跌破19.4视为失效。若大盘成交额明显萎缩或券商板块弱于指数，放弃。","20.29","-4.20%","否","否","未命中","V2.1条件观察票。收盘20.29、-4.20%；低点20.16跌破20.6-21.0承接区，尾盘未站回21.45升级条件，未跌破19.9降级线；条件观察未兑现。"
"2026/7/7","2026/7/7","4","000977","浪潮信息","A股","条件观察-AI服务器","隔夜AI硬件链修复，A股AI服务器可能有映射；但7月6日PCB/机器人等科技高位方向回落，浪潮信息收69.71、+5.06%，已经有一定加速，只能等承接确认。","升级条件：回踩67.0-68.5不破，尾盘重新站回70.5；若高开超过3%且30分钟内跌回69下方，不买。","跌破65.5降级；放量跌破63.2视为失效。若板块只有个股独涨、没有AI服务器扩散，不升级。","71.06","+1.94%","是","否","命中","V2.1条件观察票兑现。收盘71.06、+1.94%；低点68.70守住67.0-68.5承接区上方，盘中最高73.23且收盘站回70.5升级条件，AI服务器条件观察兑现。按全量记命中，但不作为正式规则票放宽依据。"
"2026/7/7","2026/7/7","5","688525","佰维存储","A股","非规则观察-存储芯片","隔夜美股存储芯片和AI半导体反弹，A股存储方向有情绪映射；但佰维存储7月6日收454.70、+6.26%，波动和高开风险都高，不纳入规则票。","只看回踩438-450不破，重新站回468；若直接高开冲高或涨幅超过5%后不回踩，不追。","跌破435降级；放量跌破420视为失效。若冲高后收盘跌回450下方，按非规则观察失败处理。","425.00","-6.53%","否","是","未命中","V2.1非规则观察票。收盘425.00、-6.53%；最高439.88未站回468，低点416.01跌破435降级线和420深失效位，存储芯片非规则观察失败。"
"2026/7/8","2026/7/9","1","688981","中芯国际","A股","稳健观察","7月8日半导体重新成为成交额和涨幅核心，中芯国际收152.10、+4.59%，10日涨幅仅0.38%，相对高弹性芯片票更适合作为半导体主线的稳健承接样本；本票计入全量准确率。","最佳买点：回踩149.5-150.2不破，重新站回153.6；若高开超过3%不追，必须等回踩后14:30仍站回153.6。","跌破146.0降级；放量跌破141.0视为失效。若冲高后收盘跌回149.5下方，按未命中处理。","165.58","+8.86%","是","否","命中","收盘165.58、+8.86%；低点152.10守住149.5-150.2承接区上方，收盘明显站上153.6触发位。命中，但下午已远离买点，不适合追高。"
"2026/7/8","2026/7/9","2","603019","中科曙光","A股","稳健观察","AI服务器/算力方向在热门池中仍有资金关注，中科曙光收98.15、+4.97%，10日涨幅10.37%，位置尚未极端过热；适合看回踩承接，不追突破。","最佳买点：回踩96.7-97.8不破，重新站回99.1；若早盘直接拉到101上方，不追，只看尾盘是否仍站回99.1。","跌破94.8降级；放量跌破90.8视为失效。若板块只有个股独涨、服务器链不扩散，不升级为强信号。","101.88","+3.80%","是","否","部分命中","收盘101.88、+3.80%；盘中最低96.18略破96.7承接下沿，但未触发90.8失效，收盘站上99.1触发位。方向兑现但执行点不够干净，记部分命中。"
"2026/7/8","2026/7/9","3","002371","北方华创","A股","稳健观察","半导体设备分支属于本轮科技主线承接方向，北方华创收802.32、-0.50%，5日跌幅较大但未明显破位，适合做设备链低吸确认样本。","最佳买点：回踩790-814不破，重新站回814；若高开超过3%，等回踩800附近不破后再看尾盘确认。","跌破780降级；放量跌破754视为失效。若设备板块弱于半导体指数，本票只记观察，不加仓。","838.88","+4.56%","是","否","命中","收盘838.88、+4.56%；低点815.00守住790-814承接区上方，收盘站上814触发位，设备链兑现。"
"2026/7/8","2026/7/9","4","600276","恒瑞医药","A股","稳健观察","医药前一轮强势后回落，恒瑞医药收54.01、-2.44%，仍在趋势中段；作为科技主线波动较大时的防御样本，只看守支撑后的修复，不看进攻。","最佳买点：回踩53.1-54.2不破，重新站回54.8；若医药板块弱于指数且不能站回54.8，不触发。","跌破52.5降级；放量跌破50.2视为失效。若冲高55.5上方但收盘跌回54.2下方，最多记部分命中。","54.61","+1.11%","否","否","未命中","收盘54.61、+1.11%；低点52.85跌破53.1承接下沿，收盘未站回54.8触发位。虽未深失效，但不满足预测触发条件，记未命中。"
"2026/7/8","2026/7/9","5","002185","华天科技","A股","条件观察-先进封装","先进封装属于半导体轮动分支，华天科技收21.57、-1.64%，10日涨幅2.81%，未明显过热；但当日承接偏弱，只能作为条件观察。","升级条件：回踩21.25-21.45不破，14:30后站回21.8；若盘中上冲但收盘低于21.45，不升级。","跌破20.8降级；放量跌破19.7视为失效。若先进封装没有板块扩散，本票不做执行样本。","23.73","+10.01%","是","否","命中","收盘23.73、+10.01%；低点21.41守住21.25-21.45区域，收盘站上21.8升级位并封强，先进封装条件观察兑现。"
"2026/7/8","2026/7/9","6","688019","安集科技","A股","条件观察-半导体材料","安集科技在核心执行池，收316.09、+5.36%，趋势强但10日涨幅19.60%接近过热线；只允许回踩承接确认，不按强势追涨处理。","升级条件：回踩305-311不破，尾盘重新站回319；若高开超过3%或直接冲325上方，不追。","跌破300降级；放量跌破267视为深失效。若冲高后收盘低于311，按条件观察未兑现。","324.98","+2.81%","是","否","命中","收盘324.98、+2.81%；低点309.00落在305-311承接区，收盘站上319升级位，半导体材料条件观察兑现。"
"2026/7/8","2026/7/9","7","688012","中微公司","A股","条件观察-半导体设备","中微公司收423.00、+0.70%，半导体设备方向仍在主线内，但上影线偏长且触发位在427上方，适合等二次确认。","升级条件：回踩417-423不破，14:30后站回427；若只盘中上冲427、收盘未站回，不升级。","跌破410降级；放量跌破379视为失效。若半导体设备弱于中芯/华虹一线芯片，降低权重。","449.68","+6.31%","是","否","命中","收盘449.68、+6.31%；低点430.00高于417-423承接区，收盘站上427升级位，半导体设备条件观察兑现。"
"2026/7/8","2026/7/9","8","688795","摩尔线程-U","A股","条件观察-AI芯片","AI芯片仍是热门方向，摩尔线程-U收666.00、+0.42%，量能相对温和、20日位置约0.45，比高位加速票更适合观察。","升级条件：回踩656-672不破，尾盘站回673；若只因AI情绪高开但跌回656下方，不买。","跌破645降级；放量跌破626视为失效。若AI芯片板块只有高标独涨，不升级。","743.00","+11.56%","是","否","命中","收盘743.00、+11.56%；低点666.66落在656-672承接区，收盘站上673升级位，AI芯片条件观察兑现。"
"2026/7/8","2026/7/9","9","688802","沐曦股份-U","A股","条件观察-AI芯片","沐曦股份-U收840.08、+0.73%，AI芯片方向有轮动热度，但20日位置0.82、上影线偏长，属于高波动条件样本。","升级条件：回踩811-828不破，尾盘重新站回848；若高开超过3%且不回踩，不追。","跌破800降级；放量跌破748视为失效。若收盘低于828，按条件观察未兑现。","938.00","+11.66%","是","否","命中","收盘938.00、+11.66%；低点855.00高于811-828承接区，收盘站上848升级位，AI芯片条件观察兑现。"
"2026/7/8","2026/7/9","10","002409","雅克科技","A股","条件观察-半导体材料","雅克科技收190.00、+2.25%，5日跌幅较大后有修复，10日涨幅9.79%，位置未极端；但上影线偏长，需二次确认。","升级条件：回踩190-195区域不破，尾盘站回195；若早盘冲高后跌回190下方，不升级。","跌破185降级；放量跌破172视为失效。若半导体材料分支弱于设备/制造，不做优先票。","207.20","+9.05%","是","否","命中","收盘207.20、+9.05%；低点194.97基本守住190-195区域，收盘站上195升级位，半导体材料条件观察兑现。"
"2026/7/8","2026/7/9","11","300604","长川科技","A股","非规则观察-半导体弹性","评分排名靠前，长川科技收317.22、+4.24%，趋势保持且10日涨幅3.21%；但上影线4.72%偏长，作为弹性样本记录，仍计入全量准确率。","只看回踩312-317不破后重新站回320；若直接高开冲高或站上320后收盘跌回317下方，不追。","跌破305降级；放量跌破282视为失效。若冲高回落长上影扩大，按非规则观察失败。","345.89","+9.04%","是","否","部分命中","收盘345.89、+9.04%；盘中最低310.49略破312-317承接区下沿，但收盘重新站上320。非规则弹性方向兑现，执行条件不完整，记部分命中。"
"2026/7/8","2026/7/9","12","300502","新易盛","A股","非规则观察-CPO修复","CPO/光模块仍是热门池高成交方向，新易盛收510.84、+0.15%，但评分偏低、均线结构偏弱，只作为CPO修复观察样本；本票同样纳入全量准确率。","只看回踩505-513不破后重新站回516；若CPO板块没有扩散，或高开后跌回505下方，不触发。","跌破500降级；放量跌破480视为失效。若收盘不能站回516，最多记部分命中。","539.95","+5.70%","是","否","命中","收盘539.95、+5.70%；低点509.96落在505-513承接区，收盘站上516触发位，CPO修复样本兑现。"
"2026/7/9","2026/7/10","1","688981","中芯国际","A股","稳健观察","7月9日收173.00、+13.74%，是半导体主线最核心的权重锚。今天放量突破后明天不能追高，只看回踩承接和尾盘确认；本票用于判断半导体主线是否仍有资金承接。","最佳买点：回踩164-169不破，14:30后重新站回173.5；若高开超过3%不追，必须等回落后仍能守住169并再站回173.5。","跌破160降级；放量跌破155视为失效。若盘中冲高但收盘低于169，只记观察不升级。","","","","","待复盘","2026-07-10全量样本，计入大A全量准确率。"
"2026/7/9","2026/7/10","2","002371","北方华创","A股","稳健观察","7月9日收878.43、+9.49%，半导体设备方向继续放量扩散。相比纯弹性小票，设备龙头更适合作为明天板块承接质量的稳健样本。","最佳买点：回踩840-860不破，重新站回880；若开盘直接冲900上方，不追，只看尾盘是否仍站稳880。","跌破820降级；放量跌破800视为失效。设备链若弱于中芯/先进封装，本票降权。","","","","","待复盘","2026-07-10全量样本，计入大A全量准确率。"
"2026/7/9","2026/7/10","3","000063","中兴通讯","A股","稳健观察","7月9日收40.33、+9.38%，通信设备与算力硬件扩散明显，成交额放大。它比部分高弹性芯片票更适合作为低位补涨承接样本。","最佳买点：回踩38.8-39.5不破，重新站回40.5；若高开超过3%且不回踩，不追。","跌破38.0降级；放量跌破37.2视为失效。若通信设备板块不扩散，只保留观察。","","","","","待复盘","2026-07-10全量样本，计入大A全量准确率。"
"2026/7/9","2026/7/10","4","002463","沪电股份","A股","稳健观察","7月9日收137.30、+7.10%，PCB/AI服务器方向强势但未封死涨停，明天比连续涨停票更容易观察真实承接。","最佳买点：回踩132-135不破，重新站回138；若高开超过3%只看回踩后的二次转强。","跌破128降级；放量跌破125视为失效。PCB链若只有涨停票强、本票转弱，不升级。","","","","","待复盘","2026-07-10全量样本，计入大A全量准确率。"
"2026/7/9","2026/7/10","5","000977","浪潮信息","A股","条件观察-PCB/AI服务器","7月9日收85.99涨停，AI服务器主线强，但涨停后次日追高风险很大，只能作为条件观察样本。","升级条件：回踩82.5-84.5不破，尾盘站回86.5；若一字或高开大幅加速，不追。","跌破80.5降级；放量跌破78.2视为失效。若服务器链没有扩散，本票不升级。","","","","","待复盘","2026-07-10全量样本，计入大A全量准确率。"
"2026/7/9","2026/7/10","6","600584","长电科技","A股","条件观察-先进封装","7月9日收103.52涨停，先进封装从华天科技扩散到长电科技，题材确认度高；但明天只能看分歧承接。","升级条件：回踩99-101.5不破，尾盘站回104；若直接高开秒板，不追。","跌破96.5降级；放量跌破94视为失效。先进封装若冲高回落，本票不升级。","","","","","待复盘","2026-07-10全量样本，计入大A全量准确率。"
"2026/7/9","2026/7/10","7","688012","中微公司","A股","条件观察-半导体设备","7月9日收471.59、+11.49%，设备链强确认，但涨幅偏大；明天需要二次承接，不能用今天强度替代买点。","升级条件：回踩450-462不破，14:30后站回475；若高开超过3%且不回踩，不追。","跌破438降级；放量跌破423视为失效。若设备链弱于半导体指数，降低权重。","","","","","待复盘","2026-07-10全量样本，计入大A全量准确率。"
"2026/7/9","2026/7/10","8","002185","华天科技","A股","条件观察-先进封装","7月9日收23.73涨停，昨日预测已经兑现，今天继续走强。明天只看涨停后的开板承接质量，不做追板样本。","升级条件：回踩22.7-23.2不破，尾盘站回24；若高开超过3%且不能回落承接，不追。","跌破22.1降级；放量跌破21.4视为失效。若先进封装只剩个别票强，不升级。","","","","","待复盘","2026-07-10全量样本，计入大A全量准确率。"
"2026/7/9","2026/7/10","9","688008","澜起科技","A股","条件观察-AI芯片/存储接口","7月9日收285.80、+15.64%，AI芯片与存储接口弹性强，但属于高波动高热度样本，明天不能直接按稳健票处理。","升级条件：回踩270-279不破，尾盘重新站回286；若直接加速冲高，不追。","跌破260降级；放量跌破250视为失效。若AI芯片高标冲高回落，本票同步降权。","","","","","待复盘","2026-07-10全量样本，计入大A全量准确率。"
"2026/7/9","2026/7/10","10","300502","新易盛","A股","条件观察-CPO修复","7月9日收545.50、+6.78%，CPO修复继续兑现但并非最强主线。明天只看回踩后是否仍有资金承接。","升级条件：回踩525-538不破，尾盘站回550；若CPO板块不扩散，不升级。","跌破510降级；放量跌破500视为失效。若高开冲高但收盘低于538，只记部分观察。","","","","","待复盘","2026-07-10全量样本，计入大A全量准确率。"
"2026/7/9","2026/7/10","11","688347","华虹宏力","A股","非规则观察-半导体弹性","7月9日收400.50、+11.75%，半导体弹性很强，但波动和追高风险都高，只作为非规则观察样本。","只看回踩380-392不破后重新站回405；若直接冲高，不追。","跌破365降级；放量跌破350视为失效。若收盘低于392，按非规则未兑现处理。","","","","","待复盘","2026-07-10全量样本，计入大A全量准确率。"
"2026/7/9","2026/7/10","12","300394","天孚通信","A股","非规则观察-CPO弹性","7月9日收271.50、+10.51%，CPO弹性强于新易盛，但连续大涨后执行难度更高，只作为非规则弹性样本。","只看回踩258-266不破后重新站回273；高开超过3%且不回踩不追。","跌破250降级；放量跌破245视为失效。若CPO冲高回落，本票不升级。","","","","","待复盘","2026-07-10全量样本，计入大A全量准确率。"
