代码,名称,市场,方向,当前层级,提醒条件,降级条件,来源,更新时间
002583,海能达,A股,专网通信,低权重观察池,收盘站稳7.69附近并强于专网通信同类；高开不追，先看承接,跌破当日低点或放量弱于同题材则降级,用户新增+历史池重分层,2026-06-30
600170,上海建工,A股,基建,低权重观察池,收盘站稳2.22附近并强于基建同类；高开不追，先看承接,跌破当日低点或放量弱于同题材则降级,用户新增+历史池重分层,2026-06-30
001309,德明利,A股,存储芯片/AI芯片,低权重观察池,收盘站稳942.90附近并强于存储芯片同类；高开不追，先看承接,跌破当日低点或放量弱于同题材则降级,用户新增+历史池重分层+图片科技板块补充+每日热门股票-2026-07-02+每日热门股票-2026-07-03+每日热门股票-2026-07-06,2026-07-06
300938,信测标准,A股,检测服务,低权重观察池,收盘站稳49.88附近并强于检测服务同类；高开不追，先看承接,跌破当日低点或放量弱于同题材则降级,用户新增+历史池重分层+每日热门股票-2026-07-02,2026-07-02
601991,大唐发电,A股,电力,低权重观察池,收盘站稳7.08附近并强于电力同类；高开不追，先看承接,跌破当日低点或放量弱于同题材则降级,用户新增+历史池重分层+每日热门股票-2026-07-03+每日热门股票-2026-07-11,2026-07-11
601868,中国能建,A股,电力工程/基建,低权重观察池,收盘站稳2.67附近并强于电力工程/基建同类；高开不追，先看承接,跌破当日低点或放量弱于同题材则降级,用户新增+历史池重分层,2026-06-30
002549,凯美特气,A股,电子特气,低权重观察池,收盘站稳21.05附近并强于电子特气同类；高开不追，先看承接,跌破当日低点或放量弱于同题材则降级,用户新增+历史池重分层+每日热门股票-2026-07-02,2026-07-02
000938,紫光股份,A股,AI服务器/PCB/AI服务器/IT服务Ⅱ,强势观察池,回踩29.45-29.63不破，重新站回30.23；高开超过3%不追,跌破28.13降级；放量弱于AI服务器同题材则继续降级,图片科技板块补充+每日热门股票-2026-07-03+每日热门股票-2026-07-06+每日热门股票-2026-07-08+每日热门股票-2026-07-11,2026-07-11
000977,浪潮信息,A股,AI服务器/PCB/AI服务器/计算机设备,强势观察池,回踩66.68-66.59不破，重新站回67.93；高开超过3%不追,跌破63.22降级；放量弱于AI服务器同题材则继续降级,图片科技板块补充+每日热门股票-2026-07-03+每日热门股票-2026-07-06+每日热门股票-2026-07-07+每日热门股票-2026-07-09+每日热门股票-2026-07-11,2026-07-11
601138,工业富联,A股,AI服务器/PCB/AI服务器/面板/消费电子,强势观察池,回踩69.50-69.30不破，重新站回70.70；高开超过3%不追,跌破65.80降级；放量弱于AI服务器同题材则继续降级,图片科技板块补充+每日热门股票-2026-07-03+每日热门股票-2026-07-07+每日热门股票-2026-07-08,2026-07-08
603019,中科曙光,A股,AI服务器/计算机设备/PCB/AI服务器,强势观察池,回踩100.98-101.43不破，重新站回103.47；高开超过3%不追,跌破96.30降级；放量弱于AI服务器同题材则继续降级,图片科技板块补充+每日热门股票-2026-07-06+每日热门股票-2026-07-08+每日热门股票-2026-07-11,2026-07-11
000988,华工科技,A股,CPO/CPO/光模块,强势观察池,回踩171.80-171.81不破，重新站回175.29；高开超过3%不追,跌破163.14降级；放量弱于CPO同题材则继续降级,图片科技板块补充+每日热门股票-2026-07-07+每日热门股票-2026-07-09,2026-07-09
300502,新易盛,A股,CPO/光模块,强势观察池,回踩590-600不破，重新站回607,跌破当日低点或放量弱于同题材则降级,用户新增+历史池重分层+图片科技板块补充+每日热门股票-2026-07-03+每日热门股票-2026-07-07+每日热门股票-2026-07-08+每日热门股票-2026-07-09,2026-07-09
002745,木林森,A股,LED,强势观察池,收盘站稳12.55附近并强于LED同类；高开不追，先看承接,跌破当日低点或放量弱于同题材则降级,用户新增+历史池重分层+每日热门股票-2026-07-11,2026-07-11
002654,万润科技,A股,LED/存储概念,强势观察池,收盘站稳22.26附近并强于LED/存储概念同类；高开不追，先看承接,跌破当日低点或放量弱于同题材则降级,用户新增+历史池重分层,2026-06-30
300476,胜宏科技,A股,PCB/AI服务器,强势观察池,回踩335-342不破，重新站回347,跌破321放弃；放量跌破315失效,用户新增+历史池重分层+图片科技板块补充+每日热门股票-2026-07-03,2026-07-03
002384,东山精密,A股,PCB/PCB/AI服务器,强势观察池,回踩242.72-243.85不破，重新站回248.77；高开超过3%不追,跌破231.53降级；放量弱于PCB同题材则继续降级,图片科技板块补充+每日热门股票-2026-07-03+每日热门股票-2026-07-07+每日热门股票-2026-07-08+每日热门股票-2026-07-09,2026-07-09
002463,沪电股份,A股,PCB/PCB/AI服务器,强势观察池,回踩142.00-143.56不破，重新站回146.46；高开超过3%不追,跌破136.31降级；放量弱于PCB同题材则继续降级,图片科技板块补充+每日热门股票-2026-07-03+每日热门股票-2026-07-07+每日热门股票-2026-07-09,2026-07-09
002916,深南电路,A股,PCB/PCB/AI服务器,强势观察池,回踩440.50-443.54不破，重新站回452.50；高开超过3%不追,跌破421.14降级；放量弱于PCB同题材则继续降级,图片科技板块补充+每日热门股票-2026-07-03+每日热门股票-2026-07-09,2026-07-09
603005,晶方科技,A股,先进封装/CIS,强势观察池,开板回踩51-53不破，重新封强或站回53.9,跌破当日低点或放量弱于同题材则降级,用户新增+历史池重分层+图片科技板块补充,2026-07-02
600522,中天科技,A股,光通信/光纤光缆,强势观察池,收盘站稳60.68附近并强于光通信同类；高开不追，先看承接,跌破当日低点或放量弱于同题材则降级,用户新增+历史池重分层+图片科技板块补充,2026-07-02
300475,香农芯创,A股,其他电子Ⅱ,强势观察池,回踩255.72-262.35不破，重新站回268.18；先看承接，不追盘中急拉,跌破249.10降级；放量弱于其他电子Ⅱ同题材则继续降级,每日热门股票-2026-07-06+每日热门股票-2026-07-09+每日热门股票-2026-07-11,2026-07-11
000811,冰轮环境,A股,制冷设备/数据中心温控/液冷,强势观察池,收盘站稳56.22附近并强于制冷设备/数据中心温控同类；高开不追，先看承接,跌破当日低点或放量弱于同题材则降级,用户新增+历史池重分层+图片科技板块补充,2026-07-02
600276,恒瑞医药,A股,化学制药,强势观察池,回踩54.78-56.20不破，重新站回57.45；高开超过3%不追,跌破53.36降级；放量弱于化学制药同题材则继续降级,每日热门股票-2026-07-06+每日热门股票-2026-07-11,2026-07-11
300604,长川科技,A股,半导体,强势观察池,回踩293.36-300.96不破，重新站回307.65；先看承接，不追盘中急拉,跌破285.76降级；放量弱于半导体同题材则继续降级,每日热门股票-2026-07-06+每日热门股票-2026-07-07+每日热门股票-2026-07-08+每日热门股票-2026-07-09,2026-07-09
603893,瑞芯微,A股,半导体,强势观察池,回踩194.93-199.98不破，重新站回204.42；高开超过3%不追,跌破189.88降级；放量弱于半导体同题材则继续降级,每日热门股票-2026-07-08+每日热门股票-2026-07-11,2026-07-11
688008,澜起科技,A股,半导体,强势观察池,回踩259.28-265.99不破，重新站回271.90；先看承接，不追盘中急拉,跌破252.56降级；放量弱于半导体同题材则继续降级,每日热门股票-2026-07-06+每日热门股票-2026-07-09,2026-07-09
688347,华虹宏力,A股,半导体,强势观察池,回踩298.84-306.58不破，重新站回313.40；高开超过3%不追,跌破291.10降级；放量弱于半导体同题材则继续降级,每日热门股票-2026-07-06+每日热门股票-2026-07-07+每日热门股票-2026-07-08+每日热门股票-2026-07-09,2026-07-09
688521,芯原股份,A股,半导体,强势观察池,回踩298.67-306.40不破，重新站回313.21；先看承接，不追盘中急拉,跌破290.93降级；放量弱于半导体同题材则继续降级,每日热门股票-2026-07-08,2026-07-08
688981,中芯国际,A股,半导体,强势观察池,回踩138.95-142.55不破，重新站回145.72；先看承接，不追盘中急拉,跌破135.35降级；放量弱于半导体同题材则继续降级,每日热门股票-2026-07-06+每日热门股票-2026-07-07+每日热门股票-2026-07-08+每日热门股票-2026-07-09,2026-07-09
600584,长电科技,A股,半导体封测/先进封装,强势观察池,收盘站稳103.55附近并强于半导体封测同类；高开不追，先看承接,跌破当日低点或放量弱于同题材则降级,用户新增+历史池重分层+图片科技板块补充+每日热门股票-2026-07-06+每日热门股票-2026-07-07+每日热门股票-2026-07-09,2026-07-09
600667,太极实业,A股,半导体工程/存储配套/存储芯片/AI芯片,强势观察池,收盘站稳29.18附近并强于半导体工程/存储配套同类；高开不追，先看承接,跌破当日低点或放量弱于同题材则降级,用户新增+历史池重分层+每日热门股票-2026-07-03+每日热门股票-2026-07-09,2026-07-09
300054,鼎龙股份,A股,半导体材料/CMP,强势观察池,收盘站稳105.97附近并强于半导体材料/CMP同类；高开不追，先看承接,跌破当日低点或放量弱于同题材则降级,用户新增+历史池重分层,2026-06-30
600206,有研新材,A股,半导体材料/稀土材料,强势观察池,收盘站稳66.60附近并强于半导体材料/稀土材料同类；高开不追，先看承接,跌破当日低点或放量弱于同题材则降级,用户新增+历史池重分层+每日热门股票-2026-07-07+每日热门股票-2026-07-09+每日热门股票-2026-07-11,2026-07-11
002371,北方华创,A股,半导体设备,强势观察池,回踩875-884不破，重新站回890,跌破873降级；放量跌破860失效,用户新增+历史池重分层+每日热门股票-2026-07-07+每日热门股票-2026-07-09,2026-07-09
688012,中微公司,A股,半导体设备,强势观察池,回踩459-464不破，重新站回469,跌破455降级；放量跌破446失效,用户新增+历史池重分层+每日热门股票-2026-07-03+每日热门股票-2026-07-06+每日热门股票-2026-07-07+每日热门股票-2026-07-08+每日热门股票-2026-07-09,2026-07-09
688037,芯源微,A股,半导体设备,强势观察池,回踩420-430不破，重新站回440,跌破410放弃；放量跌破390失效,用户新增+历史池重分层+每日热门股票-2026-07-06,2026-07-06
688120,华海清科,A股,半导体设备,强势观察池,回踩312-318不破，重新站回323,跌破303放弃；放量跌破300失效,用户新增+历史池重分层+每日热门股票-2026-07-09,2026-07-09
002407,多氟多,A股,固态电池/氟化工,强势观察池,收盘站稳50.23附近并强于固态电池/氟化工同类；高开不追，先看承接,跌破当日低点或放量弱于同题材则降级,用户新增+历史池重分层,2026-06-30
000021,深科技,A股,存储/先进封装,强势观察池,回踩61.5-62.8不破，重新站回64.3,跌破60.8放弃；放量跌破57.6失效,用户新增+历史池重分层+每日热门股票-2026-07-07+每日热门股票-2026-07-09+每日热门股票-2026-07-11,2026-07-11
300223,北京君正,A股,存储/芯片设计/AI芯片,强势观察池,收盘站稳248.90附近并强于存储/芯片设计同类；高开不追，先看承接,跌破当日低点或放量弱于同题材则降级,用户新增+历史池重分层+每日热门股票-2026-07-03+每日热门股票-2026-07-09,2026-07-09
301308,江波龙,A股,存储芯片/AI芯片,强势观察池,回踩653.84-661.16不破，重新站回674.52；高开超过3%不追,跌破627.77降级；放量弱于存储芯片同题材则继续降级,图片科技板块补充+每日热门股票-2026-07-03+每日热门股票-2026-07-06,2026-07-06
603986,兆易创新,A股,存储芯片/AI芯片,强势观察池,回踩753.00-764.29不破，重新站回779.73；高开超过3%不追,跌破725.69降级；放量弱于存储芯片同题材则继续降级,图片科技板块补充+每日热门股票-2026-07-09,2026-07-09
688525,佰维存储,A股,存储芯片/AI芯片,强势观察池,回踩458.00-458.44不破，重新站回467.70；高开超过3%不追,跌破435.29降级；放量弱于存储芯片同题材则继续降级,图片科技板块补充+每日热门股票-2026-07-03+每日热门股票-2026-07-06,2026-07-06
601899,紫金矿业,A股,工业金属,强势观察池,回踩27.29-28.00不破，重新站回28.62；先看承接，不追盘中急拉,跌破26.58降级；放量弱于工业金属同题材则继续降级,每日热门股票-2026-07-06+每日热门股票-2026-07-11,2026-07-11
300418,昆仑万维,A股,数字媒体,强势观察池,回踩46.28-47.48不破，重新站回48.54；高开超过3%不追,跌破45.08降级；放量弱于数字媒体同题材则继续降级,每日热门股票-2026-07-08,2026-07-08
002747,埃斯顿,A股,机器人,强势观察池,收盘站稳37.33附近并强于机器人同类；高开不追，先看承接,跌破当日低点或放量弱于同题材则降级,用户新增+历史池重分层+每日热门股票-2026-07-03+每日热门股票-2026-07-06+每日热门股票-2026-07-07+每日热门股票-2026-07-11,2026-07-11
002050,三花智控,A股,机器人/热管理,强势观察池,收盘站稳43.83附近并强于机器人/热管理同类；高开不追，先看承接,跌破当日低点或放量弱于同题材则降级,用户新增+历史池重分层+每日热门股票-2026-07-02+每日热门股票-2026-07-03+每日热门股票-2026-07-11,2026-07-11
603662,柯力传感,A股,机器人传感器,强势观察池,收盘站稳71.17附近并强于机器人传感器同类；高开不追，先看承接,跌破当日低点或放量弱于同题材则降级,用户新增+历史池重分层+每日热门股票-2026-07-03,2026-07-03
603124,江南新材,A股,液冷,强势观察池,回踩178.50-182.36不破，重新站回186.04；高开超过3%不追,跌破173.15降级；放量弱于液冷同题材则继续降级,图片科技板块补充,2026-07-02
300059,东方财富,A股,证券Ⅱ,强势观察池,回踩20.44-20.97不破，重新站回21.43；先看承接，不追盘中急拉,跌破19.91降级；放量弱于证券Ⅱ同题材则继续降级,每日热门股票-2026-07-06,2026-07-06
000063,中兴通讯,A股,通信设备,强势观察池,回踩35.58-36.50不破，重新站回37.31；高开超过3%不追,跌破34.66降级；放量弱于通信设备同题材则继续降级,每日热门股票-2026-07-08+每日热门股票-2026-07-09+每日热门股票-2026-07-11,2026-07-11
600367,红星发展,A股,钡锰材料,强势观察池,收盘站稳62.93附近并强于钡锰材料同类；高开不追，先看承接,跌破当日低点或放量弱于同题材则降级,用户新增+历史池重分层,2026-06-30
002182,宝武镁业,A股,镁合金/汽车轻量化,强势观察池,收盘站稳15.57附近并强于镁合金/汽车轻量化同类；高开不追，先看承接,跌破当日低点或放量弱于同题材则降级,用户新增+历史池重分层,2026-06-30
000725,京东方A,A股,面板/光学光电子/AI PC/面板/消费电子,强势观察池,回踩8.45-8.60不破，重新站回8.70,跌破当日低点或放量弱于同题材则降级,用户新增+历史池重分层+图片科技板块补充+每日热门股票-2026-07-02+每日热门股票-2026-07-08+每日热门股票-2026-07-09,2026-07-09
000100,TCL科技,A股,面板/光学光电子/面板/消费电子,强势观察池,开板回踩5.65-5.75不破，重新封强或站回5.82,跌破当日低点或放量弱于同题材则降级,用户新增+历史池重分层+每日热门股票-2026-07-07,2026-07-07
688019,安集科技,A股,半导体材料/CMP,核心执行池,回踩330-336不破，重新站回340；高开超过6%不追,跌破324降级；放量跌破303失效,用户新增+历史池重分层,2026-06-30
688333,铂力特,A股,3D打印/高端制造,轮动观察池,收盘站稳102.40附近并强于3D打印/高端制造同类；高开不追，先看承接,跌破当日低点或放量弱于同题材则降级,用户新增+历史池重分层+每日热门股票-2026-07-02+每日热门股票-2026-07-11,2026-07-11
300331,苏大维格,A股,AI PC,轮动观察池,回踩70.44-71.71不破，重新站回73.15；高开超过3%不追,跌破68.08降级；放量弱于AI PC同题材则继续降级,图片科技板块补充,2026-07-02
603890,春秋电子,A股,AI PC,轮动观察池,回踩25.94-25.77不破，重新站回26.29；高开超过3%不追,跌破24.47降级；放量弱于AI PC同题材则继续降级,图片科技板块补充,2026-07-02
872190,雷神科技,A股,AI PC,轮动观察池,回踩28.95-29.70不破，重新站回30.30；高开超过3%不追,跌破0.00降级；放量弱于AI PC同题材则继续降级,图片科技板块补充+每日热门股票-2026-07-02,2026-07-02
300058,蓝色光标,A股,AI传媒,轮动观察池,收盘站稳13.76附近并强于AI传媒同类；高开不追，先看承接,跌破当日低点或放量弱于同题材则降级,用户新增+历史池重分层+每日热门股票-2026-07-02+每日热门股票-2026-07-11,2026-07-11
002354,天娱数科,A股,AI应用/传媒,轮动观察池,收盘站稳9.30附近并强于AI应用/传媒同类；高开不追，先看承接,跌破当日低点或放量弱于同题材则降级,用户新增+历史池重分层+每日热门股票-2026-07-02+每日热门股票-2026-07-11,2026-07-11
600839,四川长虹,A股,AI终端/家电,轮动观察池,收盘站稳6.98附近并强于AI终端/家电同类；高开不追，先看承接,跌破当日低点或放量弱于同题材则降级,用户新增+历史池重分层+每日热门股票-2026-07-02+每日热门股票-2026-07-11,2026-07-11
002475,立讯精密,A股,AI终端/消费电子/高速连接/面板/消费电子,轮动观察池,收盘站稳70.40附近并强于AI终端/消费电子同类；高开不追，先看承接,跌破当日低点或放量弱于同题材则降级,用户新增+历史池重分层+图片科技板块补充+每日热门股票-2026-07-03+每日热门股票-2026-07-07,2026-07-07
688041,海光信息,A股,AI芯片,轮动观察池,回踩346.30-346.40不破，重新站回353.40；高开超过3%不追,跌破328.91降级；放量弱于AI芯片同题材则继续降级,图片科技板块补充+每日热门股票-2026-07-03+每日热门股票-2026-07-06+每日热门股票-2026-07-07+每日热门股票-2026-07-08,2026-07-08
688256,寒武纪,A股,AI芯片,轮动观察池,收盘站稳1595.55附近并强于AI芯片同类；高开不追，先看承接,跌破当日低点或放量弱于同题材则降级,用户新增+历史池重分层+图片科技板块补充+每日热门股票-2026-07-02+每日热门股票-2026-07-06+每日热门股票-2026-07-07+每日热门股票-2026-07-08+每日热门股票-2026-07-09,2026-07-09
688795,摩尔线程-U,A股,AI芯片,轮动观察池,回踩665.02-667.06不破，重新站回680.54；高开超过3%不追,跌破633.37降级；放量弱于AI芯片同题材则继续降级,图片科技板块补充+每日热门股票-2026-07-09,2026-07-09
688802,沐曦股份-U,A股,AI芯片,轮动观察池,回踩770.22-772.20不破，重新站回787.80；高开超过3%不追,跌破733.20降级；放量弱于AI芯片同题材则继续降级,图片科技板块补充+每日热门股票-2026-07-07+每日热门股票-2026-07-09,2026-07-09
300308,中际旭创,A股,CPO/光模块,轮动观察池,收盘站稳1270.00附近并强于CPO/光模块同类；高开不追，先看承接,跌破当日低点或放量弱于同题材则降级,用户新增+历史池重分层+图片科技板块补充+每日热门股票-2026-07-02+每日热门股票-2026-07-07+每日热门股票-2026-07-08,2026-07-08
300394,天孚通信,A股,CPO/光模块,轮动观察池,收盘站稳302.68附近并强于CPO/光模块同类；高开不追，先看承接,跌破当日低点或放量弱于同题材则降级,用户新增+历史池重分层+图片科技板块补充+每日热门股票-2026-07-02+每日热门股票-2026-07-07+每日热门股票-2026-07-08+每日热门股票-2026-07-09,2026-07-09
301269,华大九天,A股,EDA/国产软件,轮动观察池,收盘站稳119.42附近并强于EDA/国产软件同类；高开不追，先看承接,跌破当日低点或放量弱于同题材则降级,用户新增+历史池重分层+每日热门股票-2026-07-02+每日热门股票-2026-07-06,2026-07-06
300408,三环集团,A股,MLCC,轮动观察池,回踩165.01-168.76不破，重新站回172.16；高开超过3%不追,跌破160.23降级；放量弱于MLCC同题材则继续降级,图片科技板块补充,2026-07-02
002222,福晶科技,A股,OCS,轮动观察池,回踩86.38-86.32不破，重新站回88.06；高开超过3%不追,跌破81.96降级；放量弱于OCS同题材则继续降级,图片科技板块补充,2026-07-02
300620,光库科技,A股,OCS,轮动观察池,回踩346.01-347.39不破，重新站回354.41；高开超过3%不追,跌破329.85降级；放量弱于OCS同题材则继续降级,图片科技板块补充,2026-07-02
688195,腾景科技,A股,OCS,轮动观察池,回踩185.71-187.60不破，重新站回191.40；高开超过3%不追,跌破178.13降级；放量弱于OCS同题材则继续降级,图片科技板块补充,2026-07-02
688205,德科立,A股,OCS,轮动观察池,回踩199.06-200.25不破，重新站回204.29；高开超过3%不追,跌破190.13降级；放量弱于OCS同题材则继续降级,图片科技板块补充,2026-07-02
002436,兴森科技,A股,PCB/封装基板/先进封装,轮动观察池,收盘站稳50.95附近并强于PCB/封装基板同类；高开不追，先看承接,跌破当日低点或放量弱于同题材则降级,用户新增+历史池重分层+每日热门股票-2026-07-03,2026-07-03
600552,凯盛科技,A股,UTG/显示材料,轮动观察池,收盘站稳32.58附近并强于UTG/显示材料同类；高开不追，先看承接,跌破当日低点或放量弱于同题材则降级,用户新增+历史池重分层+每日热门股票-2026-07-02,2026-07-02
000066,中国长城,A股,信创/国产计算机/计算机设备,轮动观察池,收盘站稳19.05附近并强于信创/国产计算机同类；高开不追，先看承接,跌破当日低点或放量弱于同题材则降级,用户新增+历史池重分层+每日热门股票-2026-07-06+每日热门股票-2026-07-08,2026-07-08
601012,隆基绿能,A股,光伏,轮动观察池,收盘站稳13.12附近并强于光伏同类；高开不追，先看承接,跌破当日低点或放量弱于同题材则降级,用户新增+历史池重分层+每日热门股票-2026-07-02+每日热门股票-2026-07-11,2026-07-11
600487,亨通光电,A股,光纤光缆,轮动观察池,回踩100.00-100.91不破，重新站回102.95；高开超过3%不追,跌破95.81降级；放量弱于光纤光缆同题材则继续降级,图片科技板块补充,2026-07-02
600498,烽火通信,A股,光纤光缆,轮动观察池,回踩68.00-68.66不破，重新站回70.04；高开超过3%不追,跌破65.19降级；放量弱于光纤光缆同题材则继续降级,图片科技板块补充+每日热门股票-2026-07-11,2026-07-11
601869,长飞光纤,A股,光纤光缆,轮动观察池,回踩500.10-503.42不破，重新站回513.60；高开超过3%不追,跌破478.00降级；放量弱于光纤光缆同题材则继续降级,图片科技板块补充+每日热门股票-2026-07-03,2026-07-03
600105,永鼎股份,A股,光通信,轮动观察池,收盘站稳67.48附近并强于光通信同类；高开不追，先看承接,跌破当日低点或放量弱于同题材则降级,用户新增+历史池重分层+每日热门股票-2026-07-02,2026-07-02
688146,中船特气,A股,六氟化钨,轮动观察池,回踩365.36-374.82不破，重新站回382.40；高开超过3%不追,跌破342.29降级；放量弱于六氟化钨同题材则继续降级,图片科技板块补充,2026-07-02
688268,华特气体,A股,六氟化钨,轮动观察池,回踩268.22-275.17不破，重新站回280.73；高开超过3%不追,跌破252.16降级；放量弱于六氟化钨同题材则继续降级,图片科技板块补充,2026-07-02
002971,和远气体,A股,六氟化钨/氟化工/电池材料,轮动观察池,回踩65.81-67.52不破，重新站回68.88；高开超过3%不追,跌破61.25降级；放量弱于六氟化钨同题材则继续降级,图片科技板块补充+每日热门股票-2026-07-02,2026-07-02
600378,昊华科技,A股,六氟化钨/氟化工/电池材料,轮动观察池,回踩78.16-80.19不破，重新站回81.81；高开超过3%不追,跌破75.66降级；放量弱于六氟化钨同题材则继续降级,图片科技板块补充+每日热门股票-2026-07-02,2026-07-02
000547,航天发展,A股,军工/商业航天/低空/军工,轮动观察池,收盘站稳19.15附近并强于军工/商业航天同类；高开不追，先看承接,跌破当日低点或放量弱于同题材则降级,用户新增+历史池重分层+每日热门股票-2026-07-03+每日热门股票-2026-07-11,2026-07-11
603678,火炬电子,A股,军工电子/MLCC/低空/军工,轮动观察池,收盘站稳83.00附近并强于军工电子/MLCC同类；高开不追，先看承接,跌破当日低点或放量弱于同题材则降级,用户新增+历史池重分层+图片科技板块补充+每日热门股票-2026-07-03,2026-07-03
605358,立昂微,A股,功率半导体,轮动观察池,收盘站稳77.60附近并强于功率半导体同类；高开不追，先看承接,跌破当日低点或放量弱于同题材则降级,用户新增+历史池重分层+每日热门股票-2026-07-02,2026-07-02
600703,三安光电,A股,化合物半导体/LED,轮动观察池,收盘站稳21.22附近并强于化合物半导体/LED同类；高开不追，先看承接,跌破当日低点或放量弱于同题材则降级,用户新增+历史池重分层+每日热门股票-2026-07-02+每日热门股票-2026-07-07,2026-07-07
300666,江丰电子,A股,半导体,轮动观察池,回踩322.17-330.52不破，重新站回337.87；先看承接，不追盘中急拉,跌破313.83降级；放量弱于半导体同题材则继续降级,每日热门股票-2026-07-08+每日热门股票-2026-07-09,2026-07-09
002156,通富微电,A股,半导体封测/先进封装,轮动观察池,收盘站稳75.87附近并强于半导体封测同类；高开不追，先看承接,跌破当日低点或放量弱于同题材则降级,用户新增+历史池重分层+图片科技板块补充+每日热门股票-2026-07-06+每日热门股票-2026-07-07+每日热门股票-2026-07-09,2026-07-09
002185,华天科技,A股,半导体封测/先进封装,轮动观察池,收盘站稳22.31附近并强于半导体封测同类；高开不追，先看承接,跌破当日低点或放量弱于同题材则降级,用户新增+历史池重分层+图片科技板块补充+每日热门股票-2026-07-06+每日热门股票-2026-07-07+每日热门股票-2026-07-09+每日热门股票-2026-07-11,2026-07-11
002409,雅克科技,A股,半导体材料,轮动观察池,回踩216-220不破，重新站回225,跌破207.5降级；放量跌破200失效,用户新增+历史池重分层+每日热门股票-2026-07-08+每日热门股票-2026-07-09,2026-07-09
301297,富乐德,A股,半导体清洗/设备耗材,轮动观察池,收盘站稳61.24附近并强于半导体清洗/设备耗材同类；高开不追，先看承接,跌破当日低点或放量弱于同题材则降级,用户新增+历史池重分层+每日热门股票-2026-07-02,2026-07-02
300316,晶盛机电,A股,半导体设备/高端制造,轮动观察池,收盘站稳60.40附近并强于半导体设备/高端制造同类；高开不追，先看承接,跌破当日低点或放量弱于同题材则降级,用户新增+历史池重分层+每日热门股票-2026-07-02,2026-07-02
300179,四方达,A股,培育钻石,轮动观察池,回踩54.18-53.98不破，重新站回55.08；高开超过3%不追,跌破51.26降级；放量弱于培育钻石同题材则继续降级,图片科技板块补充+每日热门股票-2026-07-02+每日热门股票-2026-07-06,2026-07-06
605580,恒盛能源,A股,培育钻石,轮动观察池,回踩26.89-27.59不破，重新站回28.15；高开超过3%不追,跌破26.20降级；放量弱于培育钻石同题材则继续降级,图片科技板块补充+每日热门股票-2026-07-02,2026-07-02
839725,惠丰钻石,A股,培育钻石,轮动观察池,回踩65.12-66.81不破，重新站回68.15；高开超过3%不追,跌破0.00降级；放量弱于培育钻石同题材则继续降级,图片科技板块补充+每日热门股票-2026-07-02,2026-07-02
600172,黄河旋风,A股,培育钻石/超硬材料,轮动观察池,收盘站稳16.80附近并强于培育钻石/超硬材料同类；高开不追，先看承接,跌破当日低点或放量弱于同题材则降级,用户新增+历史池重分层+图片科技板块补充+每日热门股票-2026-07-02+每日热门股票-2026-07-06,2026-07-06
002428,云南锗业,A股,小金属/锗,轮动观察池,收盘站稳120.18附近并强于小金属/锗同类；高开不追，先看承接,跌破当日低点或放量弱于同题材则降级,用户新增+历史池重分层+每日热门股票-2026-07-06+每日热门股票-2026-07-07,2026-07-07
002611,东方精工,A股,机器人/高端制造,轮动观察池,收盘站稳17.66附近并强于机器人/高端制造同类；高开不追，先看承接,跌破当日低点或放量弱于同题材则降级,用户新增+历史池重分层,2026-06-30
600114,东睦股份,A股,机器人/高端制造,轮动观察池,收盘站稳37.76附近并强于机器人/高端制造同类；高开不追，先看承接,跌破当日低点或放量弱于同题材则降级,用户新增+历史池重分层+每日热门股票-2026-07-02,2026-07-02
002149,西部材料,A股,材料/军工材料/低空/军工,轮动观察池,收盘站稳54.01附近并强于材料/军工材料同类；高开不追，先看承接,跌破当日低点或放量弱于同题材则降级,用户新增+历史池重分层+每日热门股票-2026-07-11,2026-07-11
300586,美联新材,A股,树脂,轮动观察池,回踩16.01-16.39不破，重新站回16.73；高开超过3%不追,跌破15.57降级；放量弱于树脂同题材则继续降级,图片科技板块补充,2026-07-02
601208,东材科技,A股,树脂,轮动观察池,回踩66.45-66.61不破，重新站回67.95；高开超过3%不追,跌破63.24降级；放量弱于树脂同题材则继续降级,图片科技板块补充,2026-07-02
603002,宏昌电子,A股,树脂,轮动观察池,回踩23.41-23.54不破，重新站回24.02；高开超过3%不追,跌破22.35降级；放量弱于树脂同题材则继续降级,图片科技板块补充,2026-07-02
605589,圣泉集团,A股,树脂,轮动观察池,回踩61.36-62.10不破，重新站回63.36；高开超过3%不追,跌破58.97降级；放量弱于树脂同题材则继续降级,图片科技板块补充,2026-07-02
603435,嘉德利,A股,次新/消费,轮动观察池,收盘站稳68.26附近并强于次新/消费同类；高开不追，先看承接,跌破当日低点或放量弱于同题材则降级,用户新增+历史池重分层+每日热门股票-2026-07-02,2026-07-02
300207,欣旺达,A股,消费电池/动力电池/氟化工/电池材料,轮动观察池,收盘站稳18.99附近并强于消费电池/动力电池同类；高开不追，先看承接,跌破当日低点或放量弱于同题材则降级,用户新增+历史池重分层+每日热门股票-2026-07-02,2026-07-02
002837,英维克,A股,液冷/算力,轮动观察池,收盘站稳79.56附近并强于液冷/算力同类；高开不追，先看承接,跌破当日低点或放量弱于同题材则降级,用户新增+历史池重分层+图片科技板块补充+每日热门股票-2026-07-02+每日热门股票-2026-07-06,2026-07-06
002962,五方光电,A股,玻璃基板,轮动观察池,回踩20.06-20.45不破，重新站回20.87；高开超过3%不追,跌破19.42降级；放量弱于玻璃基板同题材则继续降级,图片科技板块补充,2026-07-02
600707,彩虹股份,A股,玻璃基板,轮动观察池,回踩17.04-17.48不破，重新站回17.84；高开超过3%不追,跌破15.77降级；放量弱于玻璃基板同题材则继续降级,图片科技板块补充,2026-07-02
601636,旗滨集团,A股,玻璃基板,轮动观察池,回踩9.46-9.67不破，重新站回9.87；高开超过3%不追,跌破9.18降级；放量弱于玻璃基板同题材则继续降级,图片科技板块补充,2026-07-02
301526,国际复材,A股,电子布,轮动观察池,回踩45.68-46.28不破，重新站回47.22；高开超过3%不追,跌破43.95降级；放量弱于电子布同题材则继续降级,图片科技板块补充+每日热门股票-2026-07-03,2026-07-03
603256,宏和科技,A股,电子布,轮动观察池,回踩249.40-253.41不破，重新站回258.53；高开超过3%不追,跌破240.61降级；放量弱于电子布同题材则继续降级,图片科技板块补充,2026-07-02
002859,洁美科技,A股,电子材料,轮动观察池,收盘站稳109.51附近并强于电子材料同类；高开不追，先看承接,跌破当日低点或放量弱于同题材则降级,用户新增+历史池重分层+每日热门股票-2026-07-02,2026-07-02
300285,国瓷材料,A股,电子陶瓷/材料/MLCC,轮动观察池,收盘站稳103.18附近并强于电子陶瓷/材料同类；高开不追，先看承接,跌破当日低点或放量弱于同题材则降级,用户新增+历史池重分层+图片科技板块补充+每日热门股票-2026-07-02,2026-07-02
603031,安孚科技,A股,电池/消费电源/氟化工/电池材料,轮动观察池,收盘站稳53.25附近并强于电池/消费电源同类；高开不追，先看承接,跌破当日低点或放量弱于同题材则降级,用户新增+历史池重分层+每日热门股票-2026-07-02,2026-07-02
600869,远东股份,A股,电缆/储能,轮动观察池,收盘站稳33.47附近并强于电缆/储能同类；高开不追，先看承接,跌破当日低点或放量弱于同题材则降级,用户新增+历史池重分层+每日热门股票-2026-07-02,2026-07-02
002125,湘潭电化,A股,磷酸铁锂,轮动观察池,回踩13.39-13.74不破，重新站回14.02；高开超过3%不追,跌破13.05降级；放量弱于磷酸铁锂同题材则继续降级,图片科技板块补充,2026-07-02
002805,丰元股份,A股,磷酸铁锂,轮动观察池,回踩27.91-28.63不破，重新站回29.21；高开超过3%不追,跌破26.99降级；放量弱于磷酸铁锂同题材则继续降级,图片科技板块补充,2026-07-02
300014,亿纬锂能,A股,磷酸铁锂,轮动观察池,回踩61.38-62.62不破，重新站回63.88；高开超过3%不追,跌破59.45降级；放量弱于磷酸铁锂同题材则继续降级,图片科技板块补充,2026-07-02
600141,兴发集团,A股,磷酸铁锂,轮动观察池,回踩44.81-45.21不破，重新站回46.13；高开超过3%不追,跌破42.93降级；放量弱于磷酸铁锂同题材则继续降级,图片科技板块补充,2026-07-02
002617,露笑科技,A股,第三代半导体/光伏,轮动观察池,收盘站稳10.29附近并强于第三代半导体/光伏同类；高开不追，先看承接,跌破当日低点或放量弱于同题材则降级,用户新增+历史池重分层+每日热门股票-2026-07-07,2026-07-07
000920,沃顿科技,A股,膜材料/环保材料,轮动观察池,收盘站稳16.46附近并强于膜材料/环保材料同类；高开不追，先看承接,跌破当日低点或放量弱于同题材则降级,用户新增+历史池重分层+每日热门股票-2026-07-11,2026-07-11
002008,大族激光,A股,自动化设备,轮动观察池,回踩126.39-129.66不破，重新站回132.54；先看承接，不追盘中急拉,跌破123.11降级；放量弱于自动化设备同题材则继续降级,每日热门股票-2026-07-06,2026-07-06
300274,阳光电源,A股,逆变器/储能,轮动观察池,收盘站稳159.02附近并强于逆变器/储能同类；高开不追，先看承接,跌破当日低点或放量弱于同题材则降级,用户新增+历史池重分层+每日热门股票-2026-07-02+每日热门股票-2026-07-06,2026-07-06
300277,汽轮科技,A股,通用设备,轮动观察池,收盘站稳15.04附近并强于通用设备同类；高开不追，先看承接,跌破当日低点或放量弱于同题材则降级,用户新增+历史池重分层+每日热门股票-2026-07-02,2026-07-02
601609,金田股份,A股,铜加工,轮动观察池,收盘站稳10.80附近并强于铜加工同类；高开不追，先看承接,跌破当日低点或放量弱于同题材则降级,用户新增+历史池重分层+每日热门股票-2026-07-02,2026-07-02
301217,铜冠铜箔,A股,铜箔,轮动观察池,回踩162.00-163.19不破，重新站回166.49；高开超过3%不追,跌破154.95降级；放量弱于铜箔同题材则继续降级,图片科技板块补充,2026-07-02
301511,德福科技,A股,铜箔,轮动观察池,回踩149.59-153.47不破，重新站回156.57；高开超过3%不追,跌破139.29降级；放量弱于铜箔同题材则继续降级,图片科技板块补充+每日热门股票-2026-07-03,2026-07-03
600110,诺德股份,A股,铜箔,轮动观察池,回踩14.99-15.18不破，重新站回15.48；高开超过3%不追,跌破14.41降级；放量弱于铜箔同题材则继续降级,图片科技板块补充+每日热门股票-2026-07-03+每日热门股票-2026-07-07,2026-07-07
688388,嘉元科技,A股,铜箔,轮动观察池,回踩41.48-41.42不破，重新站回42.26；高开超过3%不追,跌破39.33降级；放量弱于铜箔同题材则继续降级,图片科技板块补充,2026-07-02
002709,天赐材料,A股,锂电材料/氟化工/电池材料,轮动观察池,收盘站稳51.43附近并强于锂电材料同类；高开不追，先看承接,跌破当日低点或放量弱于同题材则降级,用户新增+历史池重分层+每日热门股票-2026-07-02,2026-07-02
002194,武汉凡谷,A股,陶瓷基板,轮动观察池,回踩9.50-9.69不破，重新站回9.89；高开超过3%不追,跌破9.20降级；放量弱于陶瓷基板同题材则继续降级,图片科技板块补充,2026-07-02
003031,中瓷电子,A股,陶瓷基板,轮动观察池,回踩171.38-171.05不破，重新站回174.51；高开超过3%不追,跌破162.41降级；放量弱于陶瓷基板同题材则继续降级,图片科技板块补充,2026-07-02
600353,旭光电子,A股,陶瓷基板,轮动观察池,回踩42.16-42.37不破，重新站回43.23；高开超过3%不追,跌破40.23降级；放量弱于陶瓷基板同题材则继续降级,图片科技板块补充+每日热门股票-2026-07-11,2026-07-11
603936,博敏电子,A股,陶瓷基板,轮动观察池,回踩25.10-25.32不破，重新站回25.84；高开超过3%不追,跌破24.05降级；放量弱于陶瓷基板同题材则继续降级,图片科技板块补充,2026-07-02
601016,节能风电,A股,风电运营,轮动观察池,收盘站稳3.88附近并强于风电运营同类；高开不追，先看承接,跌破当日低点或放量弱于同题材则降级,用户新增+历史池重分层+每日热门股票-2026-07-02,2026-07-02
002130,沃尔核材,A股,高速连接,轮动观察池,回踩18.23-18.17不破，重新站回18.53；高开超过3%不追,跌破17.25降级；放量弱于高速连接同题材则继续降级,图片科技板块补充,2026-07-02
300913,兆龙互连,A股,高速连接,轮动观察池,回踩43.23-43.82不破，重新站回44.70；高开超过3%不追,跌破41.60降级；放量弱于高速连接同题材则继续降级,图片科技板块补充,2026-07-02
688668,鼎通科技,A股,高速连接,轮动观察池,回踩352.61-354.70不破，重新站回361.86；高开超过3%不追,跌破336.78降级；放量弱于高速连接同题材则继续降级,图片科技板块补充,2026-07-02
002241,歌尔股份,A股,AI终端/消费电子/面板/消费电子,降级观察池,收盘站稳22.53附近并强于AI终端/消费电子同类；高开不追，先看承接,跌破当日低点或放量弱于同题材则降级,用户新增+历史池重分层+每日热门股票-2026-07-11,2026-07-11
002579,中京电子,A股,PCB,降级观察池,收盘站稳21.68附近并强于PCB同类；高开不追，先看承接,跌破当日低点或放量弱于同题材则降级,用户新增+历史池重分层,2026-06-30
000823,超声电子,A股,PCB/覆铜板,降级观察池,收盘站稳25.65附近并强于PCB/覆铜板同类；高开不追，先看承接,跌破当日低点或放量弱于同题材则降级,用户新增+历史池重分层,2026-06-30
000510,新金路,A股,PVC/化工,降级观察池,收盘站稳24.84附近并强于PVC/化工同类；高开不追，先看承接,跌破当日低点或放量弱于同题材则降级,用户新增+历史池重分层,2026-06-30
001696,宗申动力,A股,低空经济/动力,降级观察池,收盘站稳20.81附近并强于低空经济/动力同类；高开不追，先看承接,跌破当日低点或放量弱于同题材则降级,用户新增+历史池重分层,2026-06-30
002015,协鑫能科,A股,储能/电力运营,降级观察池,收盘站稳16.32附近并强于储能/电力运营同类；高开不追，先看承接,跌破当日低点或放量弱于同题材则降级,用户新增+历史池重分层+每日热门股票-2026-07-11,2026-07-11
600226,亨通股份,A股,光通信/电力线缆,降级观察池,收盘站稳9.59附近并强于光通信/电力线缆同类；高开不追，先看承接,跌破当日低点或放量弱于同题材则降级,用户新增+历史池重分层,2026-06-30
603698,航天工程,A股,军工/煤化工工程/低空/军工,降级观察池,收盘站稳38.56附近并强于军工/煤化工工程同类；高开不追，先看承接,跌破当日低点或放量弱于同题材则降级,用户新增+历史池重分层+每日热门股票-2026-07-02+每日热门股票-2026-07-11,2026-07-11
002297,博云新材,A股,军工材料/低空/军工,降级观察池,收盘站稳28.99附近并强于军工材料同类；高开不追，先看承接,跌破当日低点或放量弱于同题材则降级,用户新增+历史池重分层+每日热门股票-2026-07-02,2026-07-02
600909,华安证券,A股,券商,降级观察池,收盘站稳11.11附近并强于券商同类；高开不追，先看承接,跌破当日低点或放量弱于同题材则降级,用户新增+历史池重分层,2026-06-30
002165,红宝丽,A股,化工材料,降级观察池,收盘站稳6.27附近并强于化工材料同类；高开不追，先看承接,跌破当日低点或放量弱于同题材则降级,用户新增+历史池重分层+每日热门股票-2026-07-02,2026-07-02
603065,宿迁联盛,A股,化工材料,降级观察池,收盘站稳20.26附近并强于化工材料同类；高开不追，先看承接,跌破当日低点或放量弱于同题材则降级,用户新增+历史池重分层+每日热门股票-2026-07-02,2026-07-02
688082,盛美上海,A股,半导体设备,降级观察池,重新站回442并强于半导体设备，否则继续观察,跌破425放弃；不能站回442不升级,用户新增+历史池重分层,2026-06-30
600596,新安股份,A股,有机硅/农化,降级观察池,收盘站稳15.96附近并强于有机硅/农化同类；高开不追，先看承接,跌破当日低点或放量弱于同题材则降级,用户新增+历史池重分层,2026-06-30
600176,中国巨石,A股,材料/玻纤/电子布,降级观察池,收盘站稳72.88附近并强于材料/玻纤同类；高开不追，先看承接,跌破当日低点或放量弱于同题材则降级,用户新增+历史池重分层+图片科技板块补充+每日热门股票-2026-07-03,2026-07-03
300801,泰和科技,A股,水处理化学品,降级观察池,收盘站稳32.30附近并强于水处理化学品同类；高开不追，先看承接,跌破当日低点或放量弱于同题材则降级,用户新增+历史池重分层,2026-06-30
002674,兴业科技,A股,消费/皮革,降级观察池,收盘站稳28.53附近并强于消费/皮革同类；高开不追，先看承接,跌破当日低点或放量弱于同题材则降级,用户新增+历史池重分层+每日热门股票-2026-07-02,2026-07-02
300433,蓝思科技,A股,消费电子/AI终端/面板/消费电子,降级观察池,收盘站稳53.66附近并强于消费电子/AI终端同类；高开不追，先看承接,跌破当日低点或放量弱于同题材则降级,用户新增+历史池重分层+每日热门股票-2026-07-03+每日热门股票-2026-07-07,2026-07-07
603773,沃格光电,A股,玻璃基板/显示,降级观察池,收盘站稳162.97附近并强于玻璃基板/显示同类；高开不追，先看承接,跌破当日低点或放量弱于同题材则降级,用户新增+历史池重分层+图片科技板块补充,2026-07-02
605006,山东玻纤,A股,玻纤,降级观察池,收盘站稳21.09附近并强于玻纤同类；高开不追，先看承接,跌破当日低点或放量弱于同题材则降级,用户新增+历史池重分层,2026-06-30
600392,盛和资源,A股,稀土,降级观察池,收盘站稳29.77附近并强于稀土同类；高开不追，先看承接,跌破当日低点或放量弱于同题材则降级,用户新增+历史池重分层+每日热门股票-2026-07-02,2026-07-02
002254,泰和新材,A股,芳纶/化纤,降级观察池,收盘站稳18.19附近并强于芳纶/化纤同类；高开不追，先看承接,跌破当日低点或放量弱于同题材则降级,用户新增+历史池重分层,2026-06-30
002263,大东南,A股,薄膜材料,降级观察池,收盘站稳3.31附近并强于薄膜材料同类；高开不追，先看承接,跌破当日低点或放量弱于同题材则降级,用户新增+历史池重分层,2026-06-30
000636,风华高科,A股,被动元件/电子元件/MLCC,降级观察池,收盘站稳72.24附近并强于被动元件/电子元件同类；高开不追，先看承接,跌破当日低点或放量弱于同题材则降级,用户新增+历史池重分层+图片科技板块补充+每日热门股票-2026-07-07,2026-07-07
600345,长江通信,A股,通信设备,降级观察池,收盘站稳65.51附近并强于通信设备同类；高开不追，先看承接,跌破当日低点或放量弱于同题材则降级,用户新增+历史池重分层+每日热门股票-2026-07-11,2026-07-11
002080,中材科技,A股,风电材料/玻纤/电子布,降级观察池,收盘站稳90.00附近并强于风电材料/玻纤同类；高开不追，先看承接,跌破当日低点或放量弱于同题材则降级,用户新增+历史池重分层+图片科技板块补充,2026-07-02
002202,金风科技,A股,风电设备,降级观察池,收盘站稳23.90附近并强于风电设备同类；高开不追，先看承接,跌破当日低点或放量弱于同题材则降级,用户新增+历史池重分层+每日热门股票-2026-07-03+每日热门股票-2026-07-11,2026-07-11
